date,Cases_0_9,Cases_10_19,Cases_20_29,Cases_30_39,Cases_40_49,Cases_50_59,Cases_60_69,Cases_70_79,Cases_80_89,Cases_90_Plus,ICU_Beds,Hosp_Beds,ICU_Inflow,Hosp_Inflow,Total_Beds,ICU_Inflow_SMA7d,Hosp_Inflow_SMA7d,Total_Inflow,Total_Inflow_SMA7d,Total_ICU_Beds,ICU_Inflow_SMA14d,Hosp_Inflow_SMA14d,OMT_Check_ICU,OMT_Check_Hosp,Prev_LB,Prev,Prev_UB,R_LB,R,R_UB,Tested,Cases,Cases_Pct,Tested_SMA7d,Cases_Pct_SMA3d,Cases_Pct_SMA7d,Vacc_Est_Carehomes,Vacc_Adm_GGD,Vacc_Adm_Hosp,Vacc_Est,Vacc_Adm,Vacc_Adm_Doctors,RNA,RNA_SMA3d,RNA_SMA7d,Monday,Tuesday,Wednesday,Thursday,Friday,Saturday,Sunday
2021-05-02,232.0,584.0,834.0,377.0,448.0,459.0,214.0,146.0,13.0,6.0,804,1796.0,40.0,174.0,2600.0,46.2857142857143,260.0,214.0,306.285714285714,1170.0,47.4285714285714,259.571428571429,98.0,100.0,126448.0,186868.0,251177.0,0.79,0.965,0.95,46333.0,5831.0,12.5849826257743,58508.0,12.7,11.7,957161.0,3641673.0,957161.0,5651041.0,3641673.0,1052207.0,26496773843185.16,26594058651860.016,22911630953545.625,0,0,0,0,0,0,1
2021-05-01,250.0,661.0,966.0,496.0,485.0,522.0,253.0,125.0,30.0,12.0,811,1827.0,60.0,260.0,2638.0,47.4285714285714,264.714285714286,320.0,312.142857142857,1214.0,48.5714285714286,262.571428571429,98.0,101.0,131130.0,187362.0,244902.0,0.79,0.97,0.92,47900.0,6111.0,12.7578288100209,59784.0,12.1,11.5,947412.0,3573168.0,947412.0,5557642.0,3573168.0,1037062.0,28506190818379.82,23282274603982.68,23434446955775.145,0,0,0,0,0,1,0
2021-04-30,287.0,878.0,1291.0,705.0,800.0,805.0,373.0,189.0,41.0,8.0,807,1899.0,48.0,311.0,2706.0,45.8571428571429,266.571428571429,359.0,312.428571428571,1230.0,50.1428571428571,262.285714285714,91.0,102.0,133957.0,186625.5,240220.0,0.8,0.95,0.89,58870.0,7514.0,12.7637166638356,60923.0,11.5,11.2,937631.0,3498185.0,937631.0,5455349.0,3498185.0,1019533.0,24779211294015.07,19472943093542.168,25382276203867.707,0,0,0,0,1,0,0
2021-04-29,411.0,1041.0,1387.0,886.0,874.0,881.0,450.0,205.0,51.0,10.0,813,1891.0,42.0,296.0,2704.0,46.0,256.0,338.0,302.0,1253.0,50.4285714285714,263.0,91.0,97.0,134802.0,187037.5,238037.0,0.81,0.925,0.88,64866.0,7199.0,11.0982641137113,61103.0,11.3,11.1,927824.0,3429039.0,927824.0,5360802.0,3429039.0,1003939.0,16561421699553.146,19168086259647.902,24639879287016.105,0,0,0,1,0,0,0
2021-04-28,476.0,1148.0,1530.0,976.0,999.0,1075.0,518.0,245.0,44.0,10.0,814,1797.0,42.0,232.0,2611.0,45.2857142857143,255.0,274.0,300.285714285714,1220.0,50.7142857142857,254.857142857143,89.0,100.0,136154.0,187619.5,238264.0,0.83,0.91,0.89,68210.0,7308.0,10.7139715584225,62061.0,11.2,11.0,918052.0,3357134.0,918052.0,5265860.0,3357134.0,990674.0,17078196287058.293,21345939673228.723,24941226824007.81,0,0,1,0,0,0,0
2021-04-27,493.0,1094.0,1215.0,880.0,1027.0,1008.0,502.0,258.0,45.0,9.0,820,1777.0,57.0,335.0,2597.0,46.0,264.142857142857,392.0,310.142857142857,1240.0,50.5714285714286,245.142857142857,91.0,108.0,136200.0,187084.5,238373.0,0.87,0.91,0.92,54935.0,6687.0,12.1725675798671,64060.0,11.1,10.9,908244.0,3285136.0,908244.0,5176010.0,3285136.0,982630.0,23864640792332.28,25705369530473.22,24850749129894.504,0,1,0,0,0,0,0
2021-04-26,484.0,1098.0,1217.0,949.0,1147.0,1122.0,580.0,281.0,61.0,20.0,813,1759.0,35.0,212.0,2572.0,46.1428571428571,263.0,247.0,309.142857142857,1217.0,48.7142857142857,235.714285714286,95.0,112.0,136748.0,186576.5,238954.0,0.91,0.94,0.96,68443.0,7452.0,10.8878921146063,67601.0,10.7,10.7,981065.0,3214433.0,981065.0,5293851.0,3214433.0,1098353.0,23094981940295.605,31797487784705.05,25345379116964.85,1,0,0,0,0,0,0
2021-04-25,487.0,971.0,1070.0,824.0,1009.0,1038.0,516.0,281.0,47.0,9.0,841,1691.0,48.0,207.0,2532.0,47.4285714285714,259.571428571429,255.0,307.0,1222.0,48.8571428571429,241.142857142857,97.0,108.0,136022.0,185706.5,237714.0,0.94,0.975,0.99,55266.0,5702.0,10.3173741540911,69623.0,10.9,10.6,973697.0,3141439.0,973697.0,5207495.0,3141439.0,1092359.0,30156485858791.773,30626638096624.48,24978220158754.645,0,0,0,0,0,0,1
2021-04-24,493.0,1047.0,1105.0,971.0,1060.0,1121.0,543.0,327.0,59.0,11.0,816,1698.0,49.0,273.0,2514.0,48.5714285714286,262.571428571429,322.0,311.142857142857,1229.0,47.2857142857143,239.714285714286,103.0,110.0,136665.0,184572.5,238059.0,0.95,1.01,0.99,55874.0,6077.0,10.8762572931954,70166.0,11.0,10.5,966316.0,3075486.0,966316.0,5128167.0,3075486.0,1086365.0,42140995555027.79,26798094296525.57,24102867311632.96,0,0,0,0,0,1,0
2021-04-23,510.0,1112.0,1177.0,1044.0,1161.0,1209.0,605.0,302.0,67.0,20.0,837,1776.0,49.0,237.0,2613.0,50.1428571428571,262.285714285714,286.0,312.428571428571,1278.0,46.2857142857143,244.428571428571,108.0,107.0,136144.0,182480.5,237107.0,0.93,1.025,0.97,60125.0,6860.0,11.4095634095634,70499.0,10.7,10.6,956012.0,3005664.0,956012.0,5039385.0,3005664.0,1077709.0,19582432876053.867,18232713254271.363,25063339996732.22,0,0,0,0,1,0,0
2021-04-22,594.0,1237.0,1347.0,1104.0,1113.0,1127.0,656.0,351.0,67.0,18.0,839,1843.0,37.0,289.0,2682.0,50.4285714285714,263.0,326.0,313.428571428571,1258.0,45.4285714285714,247.285714285714,111.0,106.0,137173.0,180787.0,236902.0,0.9,1.025,0.95,71577.0,7775.0,10.862427874876,71297.0,10.5,10.6,951397.0,2935098.0,951397.0,4952724.0,2935098.0,1066229.0,18670854458495.06,20814252529528.312,25922391354711.043,0,0,0,1,0,0,0
2021-04-21,640.0,1374.0,1527.0,1113.0,1274.0,1212.0,723.0,369.0,82.0,12.0,822,1792.0,47.0,296.0,2614.0,50.7142857142857,254.857142857143,343.0,305.571428571429,1250.0,48.0,252.571428571429,106.0,101.0,137704.0,179005.0,237535.0,0.89,1.025,0.93,82199.0,8345.0,10.1521916325016,71535.0,10.2,10.5,950060.0,2865487.0,950060.0,4873624.0,2865487.0,1058077.0,16444852428265.166,21432257454304.668,25536404282501.77,0,0,1,0,0,0,0
2021-04-20,629.0,1368.0,1574.0,1221.0,1216.0,1313.0,643.0,379.0,82.0,12.0,823,1830.0,58.0,327.0,2653.0,50.5714285714286,245.142857142857,385.0,295.714285714286,1248.0,49.5714285714286,260.714285714286,102.0,94.0,137469.0,177223.5,236700.0,0.89,1.03,0.93,79721.0,8373.0,10.5028787897794,71527.0,10.3,10.4,947724.0,2796491.0,947724.0,4787163.0,2796491.0,1042948.0,27327050701824.71,23960311954529.613,27901168114793.008,0,1,0,0,0,0,0
2021-04-19,614.0,1339.0,1648.0,1259.0,1281.0,1422.0,709.0,389.0,76.0,20.0,813,1731.0,44.0,188.0,2544.0,48.7142857142857,235.714285714286,232.0,284.428571428571,1207.0,49.4285714285714,253.0,99.0,93.0,137466.0,175280.0,235687.0,0.92,1.045,0.96,82599.0,8297.0,10.0449157980121,71192.0,10.4,10.2,941325.0,2726273.0,941325.0,4688307.0,2726273.0,1020709.0,20524869232824.125,31139396504162.24,28744974766367.74,1,0,0,0,0,0,0
2021-04-18,539.0,1200.0,1245.0,1043.0,1129.0,1234.0,657.0,320.0,58.0,13.0,808,1670.0,56.0,228.0,2478.0,48.8571428571429,241.142857142857,284.0,290.0,1185.0,51.2857142857143,250.0,95.0,96.0,137103.0,172530.5,234310.0,0.95,1.06,1.0,59064.0,6071.0,10.2786807530814,70524.0,10.9,10.1,934269.0,2654228.0,934269.0,4578683.0,2654228.0,990186.0,24029015928940.0,32829704220522.742,29463688768086.51,0,0,0,0,0,0,1
2021-04-17,560.0,1169.0,1286.0,1090.0,1224.0,1321.0,702.0,359.0,60.0,16.0,802,1626.0,60.0,271.0,2428.0,47.2857142857143,239.714285714286,331.0,287.0,1215.0,52.4285714285714,244.142857142857,90.0,98.0,137061.0,169928.0,232084.0,0.99,1.06,1.03,58205.0,6371.0,10.9457950347908,70483.0,11.0,10.1,927213.0,2591512.0,927213.0,4473682.0,2591512.0,954957.0,48864304350722.6,30143013895219.453,28742759925628.6,0,0,0,0,0,1,0
2021-04-16,570.0,1244.0,1312.0,1039.0,1246.0,1282.0,702.0,358.0,96.0,16.0,792,1698.0,51.0,242.0,2490.0,46.2857142857143,244.428571428571,293.0,290.714285714286,1218.0,52.5714285714286,235.428571428571,88.0,104.0,135609.0,167927.5,229352.0,1.0,1.045,1.05,65711.0,7547.0,11.485139474365,70445.0,10.3,10.2,920157.0,2526423.0,920157.0,4364511.0,2526423.0,917931.0,25595792381905.64,24854312196413.203,24686448981829.504,0,0,0,0,1,0,0
2021-04-15,581.0,1297.0,1375.0,1096.0,1108.0,1241.0,667.0,340.0,80.0,15.0,789,1688.0,39.0,232.0,2477.0,45.4285714285714,247.285714285714,271.0,292.714285714286,1210.0,53.0,237.428571428571,86.0,104.0,134679.0,166493.5,226895.0,1.0,1.025,1.05,73248.0,7742.0,10.5695718654434,70471.0,9.7,10.1,913101.0,2460952.0,913101.0,4253146.0,2460952.0,879093.0,15968944953030.129,27400280490060.6,24395112833201.03,0,0,0,1,0,0,0
2021-04-14,556.0,1243.0,1512.0,1199.0,1198.0,1271.0,646.0,403.0,84.0,14.0,784,1715.0,46.0,228.0,2499.0,48.0,252.571428571429,274.0,300.571428571429,1214.0,53.5714285714286,238.428571428571,90.0,106.0,133560.0,165035.5,224450.0,1.0,1.02,1.05,82138.0,7460.0,9.08227616937349,70597.0,9.4,9.9,905364.0,2395212.0,905364.0,4137027.0,2395212.0,836451.0,32998199254303.844,30595921254002.406,25610769332205.12,0,0,1,0,0,0,0
2021-04-13,565.0,1222.0,1509.0,1114.0,1160.0,1216.0,673.0,368.0,50.0,16.0,794,1760.0,45.0,261.0,2554.0,49.5714285714286,260.714285714286,306.0,310.285714285714,1248.0,51.4285714285714,234.428571428571,96.0,111.0,131846.0,163387.5,222601.0,1.01,1.03,1.05,77378.0,7365.0,9.51820931013983,70492.0,9.7,9.9,898179.0,2328980.0,898179.0,4020836.0,2328980.0,793677.0,33233697262847.83,25924026179812.656,23412648487704.05,0,1,0,0,0,0,0
2021-04-12,540.0,1222.0,1394.0,1071.0,1153.0,1263.0,657.0,395.0,95.0,16.0,794,1788.0,45.0,226.0,2582.0,49.4285714285714,253.0,271.0,302.428571428571,1181.0,52.2857142857143,246.714285714286,95.0,103.0,129852.0,162578.5,220708.0,1.02,1.065,1.07,77922.0,7498.0,9.62244295577629,71547.0,10.4,9.7,886792.0,2263049.0,886792.0,3900464.0,2263049.0,750623.0,25555867244855.543,21669503006906.363,21920220822408.785,1,0,0,0,0,0,0
2021-04-11,458.0,980.0,1155.0,963.0,1046.0,1069.0,583.0,364.0,53.0,14.0,788,1729.0,45.0,218.0,2517.0,51.2857142857143,250.0,263.0,301.285714285714,1163.0,49.1428571428571,244.285714285714,104.0,102.0,127370.0,161138.0,217691.0,1.04,1.085,1.08,58776.0,5803.0,9.87307744657683,69844.0,10.7,9.6,737391.5,2208759.5,497696.5,3541650.0,0.0,541198.5,18982514031734.6,21003027039123.29,21452050448306.94,0,0,0,0,0,0,1
2021-04-10,475.0,1073.0,1241.0,1106.0,1032.0,1186.0,633.0,361.0,73.0,13.0,787,1704.0,53.0,304.0,2491.0,52.4285714285714,244.142857142857,357.0,296.571428571429,1191.0,47.4285714285714,245.0,111.0,100.0,125578.0,158849.5,214278.0,1.04,1.0750000000000002,1.08,57945.0,6882.0,11.8767797048926,68905.0,10.6,9.6,587991.0,2154470.0,108601.0,3182836.0,2263071.0,331774.0,20470127744128.945,22835035843898.0,22573286269986.527,0,0,0,0,0,1,0
2021-04-09,470.0,1071.0,1207.0,1068.0,1100.0,1198.0,693.0,389.0,96.0,21.0,784,1711.0,45.0,262.0,2495.0,52.5714285714286,235.428571428571,307.0,288.0,1205.0,47.0,252.571428571429,112.0,93.0,124399.0,156671.0,211456.0,1.02,1.045,1.07,65889.0,6913.0,10.4918878720272,68938.0,9.7,9.3,587991.0,2107543.0,108601.0,3135909.0,2216144.0,331774.0,23556439341506.324,21882111043453.81,22638668447750.45,0,0,0,0,1,0,0
2021-04-08,431.0,1095.0,1260.0,1134.0,1076.0,1146.0,672.0,416.0,91.0,14.0,798,1727.0,57.0,269.0,2525.0,53.0,237.428571428571,326.0,290.428571428571,1233.0,46.4285714285714,247.428571428571,114.0,96.0,123671.0,156022.5,209316.0,1.0,1.005,1.05,74131.0,7111.0,9.59247818051827,68981.0,9.0,9.1,579173.0,2059093.0,108601.0,3078641.0,2167694.0,331774.0,24478540446058.723,21625532464878.69,24088516827727.73,0,0,0,1,0,0,0
2021-04-07,515.0,1222.0,1430.0,1156.0,1238.0,1185.0,669.0,365.0,71.0,17.0,776,1782.0,57.0,285.0,2558.0,53.5714285714286,238.428571428571,342.0,292.0,1205.0,42.5714285714286,243.571428571429,126.0,98.0,122813.0,155213.5,207258.0,1.0,0.975,1.04,81402.0,7375.0,9.05997395641385,68733.0,8.8,9.0,565932.0,2009956.0,108601.0,3016263.0,2118557.0,331774.0,17611353342796.39,20892243858240.0,23297774053044.64,0,0,1,0,0,0,0
2021-04-06,529.0,1207.0,1420.0,1135.0,1163.0,1149.0,670.0,355.0,79.0,13.0,750,1748.0,44.0,207.0,2498.0,51.4285714285714,234.428571428571,251.0,285.857142857143,1137.0,41.8571428571429,238.142857142857,123.0,98.0,121265.0,153762.0,205510.0,1.01,0.965,1.05,84763.0,7121.0,8.40107122211342,68323.0,8.9,9.0,560172.0,1963408.0,108601.0,2963955.0,2072009.0,331774.0,22786703605780.96,23965514338471.76,24565655324073.6,0,1,0,0,0,0,0
2021-04-05,478.0,1013.0,1167.0,931.0,952.0,1099.0,575.0,319.0,80.0,10.0,746,1628.0,58.0,205.0,2374.0,52.2857142857143,246.714285714286,263.0,299.0,1115.0,39.2857142857143,236.571428571429,133.0,104.0,120181.0,152767.5,204976.0,1.04,0.965,1.09,66002.0,5973.0,9.04972576588588,67955.0,9.1,9.0,550025.0,1919046.0,108601.0,2909446.0,2027647.0,331774.0,22278674626142.645,23345880799370.254,24716875451811.625,1,0,0,0,0,0,0
2021-04-04,449.0,971.0,951.0,876.0,1000.0,993.0,493.0,274.0,71.0,17.0,730,1587.0,53.0,177.0,2317.0,49.1428571428571,244.285714285714,230.0,293.428571428571,1097.0,41.2857142857143,233.571428571429,119.0,105.0,119017.0,151510.5,203259.0,1.06,0.975,1.11,52203.0,4939.0,9.46114207995709,70976.0,9.2,8.9,538591.0,1877682.0,108601.0,2854234.0,1986283.0,329360.0,26831164783491.68,27154781924438.47,24903904304186.05,0,0,0,0,0,0,1
2021-04-03,508.0,963.0,1059.0,901.0,1001.0,1061.0,595.0,296.0,71.0,13.0,734,1614.0,54.0,243.0,2348.0,47.4285714285714,245.0,297.0,292.428571428571,1141.0,39.8571428571429,235.285714285714,119.0,104.0,117269.0,149940.0,200430.0,1.05,0.98,1.1,58176.0,5222.0,8.9762101210121,72420.0,9.1,8.7,538591.0,1841265.0,108601.0,2817817.0,1949866.0,329360.0,20927802988476.43,24525507337700.266,28640528809097.92,0,0,0,0,0,1,0
2021-04-02,412.0,969.0,1143.0,998.0,1014.0,1063.0,622.0,314.0,71.0,11.0,705,1625.0,48.0,276.0,2330.0,47.0,252.571428571429,324.0,299.571428571429,1124.0,40.2857142857143,231.285714285714,117.0,109.0,115202.0,146866.0,198140.0,1.02,0.97,1.07,66187.0,6033.0,9.11508302234578,73541.0,9.0,8.7,536730.0,1802410.0,108601.0,2777101.0,1911011.0,329360.0,33705378001347.305,26378413754874.496,27852722954662.184,0,0,0,0,1,0,0
2021-04-01,513.0,1008.0,1102.0,976.0,1022.0,1029.0,594.0,368.0,105.0,14.0,688,1639.0,61.0,276.0,2327.0,46.4285714285714,247.428571428571,337.0,293.857142857143,1121.0,40.5714285714286,230.857142857143,114.0,107.0,115411.0,145109.5,196634.0,0.98,0.96,1.03,72398.0,6732.0,9.29859940882345,74795.0,8.8,8.8,521168.0,1759722.0,108601.0,2699195.0,1868323.0,309704.0,18943341023277.062,23091702587741.11,25544230860549.605,0,0,0,1,0,0,0
2021-03-31,566.0,1118.0,1289.0,1045.0,1089.0,1078.0,680.0,369.0,96.0,23.0,681,1653.0,42.0,257.0,2334.0,42.5714285714286,243.571428571429,299.0,286.142857142857,1120.0,39.8571428571429,224.571428571429,107.0,108.0,115032.0,143367.0,195395.0,0.95,0.96,1.0,78535.0,6846.0,8.71713248869931,76381.0,8.5,8.7,500496.0,1718139.0,108601.0,2612717.0,1826740.0,285481.0,26486522239999.125,24639881110903.297,25497650381882.668,0,0,1,0,0,0,0
2021-03-30,536.0,1065.0,1284.0,1069.0,1037.0,1091.0,633.0,341.0,95.0,15.0,682,1728.0,50.0,293.0,2410.0,41.8571428571429,238.142857142857,343.0,280.0,1135.0,39.7142857142857,221.0,105.0,108.0,113637.0,140547.5,193887.0,0.94,0.975,0.99,82182.0,7043.0,8.57000316370982,77896.0,8.4,8.7,487582.0,1679929.0,108601.0,2539805.0,1788530.0,263693.0,23845244499947.133,33473552470195.17,23565614211624.184,0,1,0,0,0,0,0
2021-03-29,564.0,1077.0,1235.0,1062.0,1073.0,1134.0,648.0,387.0,116.0,18.0,675,1667.0,36.0,188.0,2342.0,39.2857142857143,236.571428571429,224.0,275.857142857143,1106.0,40.5714285714286,212.857142857143,97.0,111.0,112853.0,137694.5,192682.0,0.94,1.01,0.99,87149.0,7247.0,8.31564332350343,78747.0,8.5,8.6,478263.0,1641754.0,108601.0,2473846.0,1750355.0,245228.0,23587876592763.63,30662858306021.56,24070566579223.78,1,0,0,0,0,0,0
2021-03-28,527.0,919.0,1049.0,924.0,935.0,1012.0,555.0,304.0,68.0,13.0,655,1593.0,41.0,182.0,2248.0,41.2857142857143,233.571428571429,223.0,274.857142857143,1057.0,40.0,214.285714285714,103.0,109.0,112164.0,134819.0,190857.0,0.95,1.045,1.0,62313.0,5163.0,8.28559048673631,78616.0,8.8,8.5,468727.0,1604252.0,108601.0,2412094.0,1712853.0,230514.0,52987536317874.76,28648877222620.094,22801119298063.49,0,0,0,0,0,0,1
2021-03-27,575.0,966.0,1135.0,992.0,1070.0,1113.0,613.0,357.0,81.0,16.0,643,1595.0,51.0,296.0,2238.0,39.8571428571429,235.285714285714,347.0,275.142857142857,1095.0,40.8571428571429,213.857142857143,98.0,110.0,111436.0,131387.0,188444.0,0.96,1.065,1.0,66020.0,5913.0,8.95637685549833,78785.0,9.1,8.5,466210.0,1583421.0,108601.0,2388746.0,1692022.0,230514.0,15413162007426.293,17192124340864.672,17740147077673.07,0,0,0,0,0,1,0
2021-03-26,495.0,1107.0,1222.0,1067.0,1113.0,1202.0,652.0,366.0,115.0,20.0,625,1596.0,44.0,240.0,2221.0,40.2857142857143,231.285714285714,284.0,271.571428571429,1085.0,39.4285714285714,207.571428571429,102.0,111.0,109342.0,127878.5,184390.0,0.95,1.07,0.99,74969.0,6906.0,9.21180754711948,78456.0,8.8,8.5,466210.0,1551574.0,108601.0,2356899.0,1660175.0,230514.0,17545933342559.234,16375160021119.15,18849018058786.184,0,0,0,0,1,0,0
2021-03-25,600.0,1129.0,1199.0,1019.0,1082.0,1088.0,629.0,394.0,126.0,18.0,619,1573.0,34.0,249.0,2192.0,40.5714285714286,230.857142857143,283.0,271.428571428571,1090.0,38.4285714285714,203.857142857143,106.0,113.0,108747.0,125082.5,181472.0,0.94,1.065,0.98,83497.0,7508.0,8.99193983017354,77968.0,8.4,8.4,455222.0,1521804.0,108601.0,2301427.0,1630405.0,215800.0,18617277672608.496,19653152597980.86,19442233531160.04,0,0,0,1,0,0,0
2021-03-24,621.0,1198.0,1329.0,1180.0,1128.0,1137.0,624.0,421.0,137.0,38.0,625,1562.0,37.0,219.0,2187.0,39.8571428571429,224.571428571429,256.0,264.428571428571,1108.0,41.4285714285714,201.857142857143,96.0,111.0,108099.0,122729.5,178635.0,0.94,1.0550000000000002,0.98,89142.0,7398.0,8.29911826075251,76793.0,8.0,8.3,444913.0,1489735.0,108601.0,2244335.0,1598336.0,201086.0,12962269048189.729,18347975248658.547,20235126028376.16,0,0,1,0,0,0,0
2021-03-23,527.0,1207.0,1291.0,1121.0,1192.0,1219.0,647.0,358.0,124.0,11.0,623,1575.0,32.0,282.0,2198.0,39.7142857142857,221.0,314.0,260.714285714286,1098.0,40.2857142857143,202.571428571429,99.0,109.0,106018.0,120315.5,175077.0,0.95,1.0550000000000002,1.0,88139.0,7043.0,7.99078727918402,75900.0,8.1,8.2,434576.0,1459670.0,108601.0,2189219.0,1568271.0,186372.0,27379911073144.36,19880795824309.246,20967322366884.34,0,1,0,0,0,0,0
2021-03-22,564.0,1201.0,1211.0,1129.0,1093.0,1158.0,674.0,404.0,121.0,30.0,638,1555.0,50.0,167.0,2193.0,40.5714285714286,212.857142857143,217.0,253.428571428571,1081.0,39.8571428571429,204.714285714286,102.0,104.0,103703.0,117890.0,171686.0,0.99,1.0750000000000002,1.03,86234.0,6644.0,7.70461766820512,74737.0,8.3,8.1,423609.0,1437079.0,108601.0,2155661.0,1545680.0,186372.0,14701745624641.553,18479245091667.164,19614529176363.48,1,0,0,0,0,0,0
2021-03-21,526.0,1051.0,1027.0,977.0,1031.0,959.0,622.0,341.0,98.0,19.0,611,1462.0,31.0,194.0,2073.0,40.0,214.285714285714,225.0,254.285714285714,1019.0,38.0,200.428571428571,105.0,107.0,101565.0,115915.5,168073.0,1.02,1.0950000000000002,1.07,63497.0,5572.0,8.77521772682174,73944.0,8.7,8.0,420257.0,1416190.0,108601.0,2131420.0,1524791.0,186372.0,17560730775141.828,20811477099845.38,21146315504122.1,0,0,0,0,0,0,1
2021-03-20,540.0,1030.0,1057.0,1031.0,1038.0,1090.0,609.0,320.0,106.0,17.0,602,1445.0,54.0,268.0,2047.0,40.8571428571429,213.857142857143,322.0,254.714285714286,1058.0,38.2857142857143,193.0,107.0,111.0,98918.0,113825.5,163856.0,1.04,1.105,1.09,63713.0,5545.0,8.70309042110715,73373.0,8.5,7.9,420252.0,1388433.0,108601.0,2103658.0,1497034.0,186372.0,23175258875218.11,23013741892505.223,22129192357484.41,0,0,0,0,0,1,0
2021-03-19,537.0,968.0,1098.0,1029.0,959.0,1056.0,614.0,336.0,103.0,18.0,579,1462.0,46.0,237.0,2041.0,39.4285714285714,207.571428571429,283.0,247.0,1059.0,37.1428571428571,186.142857142857,106.0,112.0,95640.0,111713.5,160117.0,1.05,1.0950000000000002,1.09,71553.0,6176.0,8.63136416362696,72825.0,8.2,7.8,420252.0,1358891.0,108601.0,2074116.0,1467492.0,186372.0,21698441649176.2,21317870073348.168,22395242644789.37,0,0,0,0,1,0,0
2021-03-18,563.0,1021.0,1104.0,960.0,1002.0,1011.0,586.0,292.0,105.0,19.0,564,1436.0,29.0,205.0,2000.0,38.4285714285714,203.857142857143,234.0,242.285714285714,1041.0,37.1428571428571,182.428571428571,103.0,112.0,93278.0,110000.0,156887.0,1.04,1.085,1.09,75276.0,6104.0,8.10882618630108,71843.0,7.8,7.8,416297.0,1330189.0,108601.0,2041459.0,1438790.0,186372.0,24167525153121.363,20055175770122.21,22113491523382.723,0,0,0,1,0,0,0
2021-03-17,533.0,1124.0,1188.0,1057.0,1031.0,1054.0,597.0,358.0,130.0,20.0,568,1424.0,36.0,194.0,1992.0,41.4285714285714,201.857142857143,230.0,243.285714285714,1059.0,34.4285714285714,179.0,120.0,113.0,91465.0,108357.5,153994.0,1.03,1.085,1.08,82885.0,6633.0,8.00265428002654,70694.0,7.4,7.7,412729.0,1302259.0,108601.0,2009961.0,1410860.0,186372.0,18087643417746.945,20474084025399.07,21782366272526.258,0,0,1,0,0,0,0
2021-03-16,486.0,999.0,1152.0,1006.0,1099.0,1031.0,606.0,335.0,106.0,17.0,586,1451.0,38.0,225.0,2037.0,40.2857142857143,202.571428571429,263.0,242.857142857143,1059.0,37.4285714285714,175.857142857143,108.0,115.0,89743.0,106326.5,150888.0,1.03,1.09,1.08,80004.0,5915.0,7.39338033098345,69626.0,7.3,7.7,407215.0,1277330.0,107851.0,1978768.0,1385181.0,186372.0,17910358739498.332,22591825802376.09,21379492551528.8,0,1,0,0,0,0,0
2021-03-15,536.0,982.0,1127.0,983.0,962.0,1016.0,596.0,339.0,110.0,29.0,564,1455.0,46.0,177.0,2019.0,39.8571428571429,204.714285714286,223.0,244.571428571429,1005.0,39.8571428571429,174.142857142857,100.0,118.0,87906.0,104865.0,147874.0,1.05,1.115,1.1,80680.0,5551.0,6.88026772434308,68110.0,7.5,7.6,405817.0,1247386.0,107851.0,1947426.0,1355237.0,186372.0,25424249918951.938,24967576517994.246,21487637153298.68,1,0,0,0,0,0,0
2021-03-14,455.0,847.0,916.0,823.0,805.0,896.0,491.0,252.0,93.0,20.0,554,1368.0,37.0,191.0,1922.0,38.0,200.428571428571,228.0,238.428571428571,982.0,39.4285714285714,173.857142857143,96.0,115.0,86946.0,103820.0,144885.0,1.07,1.1400000000000001,1.12,59501.0,4619.0,7.76289474126485,65872.0,8.2,7.6,404438.0,1225768.0,107851.0,1924429.0,1333619.0,186372.0,24440868748678.01,23068221144786.83,19801956808819.7,0,0,0,0,0,0,1
2021-03-13,482.0,863.0,916.0,875.0,932.0,1037.0,551.0,287.0,98.0,28.0,554,1321.0,44.0,224.0,1875.0,38.2857142857143,193.0,268.0,231.285714285714,1033.0,36.8571428571429,176.857142857143,104.0,109.0,85504.0,102921.0,142147.0,1.08,1.16,1.13,59878.0,4832.0,8.06974180834363,64100.0,8.1,7.7,404438.0,1198626.0,107851.0,1897287.0,1306477.0,186372.0,25037610886352.8,22204481027602.863,18208622411967.29,0,0,0,0,0,1,0
2021-03-12,440.0,833.0,1019.0,860.0,900.0,1025.0,537.0,284.0,129.0,21.0,576,1334.0,39.0,211.0,1910.0,37.1428571428571,186.142857142857,250.0,223.285714285714,1077.0,34.8571428571429,178.142857142857,107.0,104.0,83609.0,101857.0,139818.0,1.07,1.16,1.12,64676.0,5571.0,8.6137052384192,62181.0,8.0,7.7,404438.0,1166041.0,107851.0,1864702.0,1273892.0,186372.0,19726183799329.684,18947786522406.832,20643316497289.344,0,0,0,0,1,0,0
2021-03-11,433.0,896.0,943.0,886.0,839.0,864.0,532.0,269.0,122.0,27.0,572,1353.0,50.0,191.0,1925.0,37.1428571428571,182.428571428571,241.0,219.571428571429,1061.0,33.8571428571429,178.285714285714,110.0,102.0,81970.0,101054.0,138030.0,1.06,1.135,1.11,67236.0,5221.0,7.76518531738949,59989.0,7.5,7.6,399954.0,1130595.0,107851.0,1813392.0,1238446.0,174992.0,21849648397126.12,18594848906592.777,20000812594068.406,0,0,0,1,0,0,0
2021-03-10,420.0,901.0,1040.0,876.0,882.0,961.0,545.0,308.0,117.0,35.0,560,1353.0,28.0,199.0,1913.0,34.4285714285714,179.0,227.0,213.428571428571,1041.0,33.5714285714286,182.428571428571,103.0,98.0,80350.0,100522.0,136365.0,1.06,1.1099999999999999,1.11,75409.0,5707.0,7.56806216764577,57945.0,7.2,7.6,395110.0,1099096.0,107851.0,1765523.0,1206947.0,163466.0,15267527370764.7,15853128610083.764,18575547274403.543,0,0,1,0,0,0,0
2021-03-09,398.0,832.0,952.0,845.0,909.0,907.0,530.0,289.0,112.0,27.0,556,1407.0,35.0,240.0,1963.0,37.4285714285714,175.857142857143,275.0,213.285714285714,1054.0,29.4285714285714,178.714285714286,127.0,98.0,78317.0,99416.5,134336.0,1.06,1.07,1.12,69389.0,4884.0,7.0385796019542,55016.0,7.2,7.6,390607.0,1067651.0,107851.0,1718352.0,1175502.0,152243.0,18667370951887.52,15193128810065.908,18789066515012.383,0,1,0,0,0,0,0
2021-03-08,440.0,832.0,1040.0,757.0,808.0,882.0,510.0,292.0,117.0,19.0,558,1347.0,33.0,147.0,1905.0,39.8571428571429,174.142857142857,180.0,214.0,1015.0,26.4285714285714,174.571428571429,151.0,100.0,76988.0,98172.0,132742.0,1.09,1.0550000000000002,1.14,65012.0,4440.0,6.82950839844952,52866.0,7.6,7.8,386641.0,1039508.0,102851.0,1671201.0,1142359.0,142201.0,13624487507599.08,22997494987305.79,19772318365991.285,1,0,0,0,0,0,0
2021-03-07,437.0,640.0,779.0,713.0,658.0,761.0,407.0,249.0,95.0,17.0,545,1306.0,39.0,139.0,1851.0,39.4285714285714,173.857142857143,178.0,213.285714285714,976.0,27.4285714285714,171.285714285714,144.0,102.0,76217.0,97008.5,131423.0,1.11,1.05,1.17,47101.0,3822.0,8.11447739963058,51639.0,8.2,8.0,382925.0,1013640.0,102851.0,1631575.0,1116491.0,132159.0,13287527970711.137,23532217977033.81,22488399063564.44,0,0,0,0,0,0,1
2021-03-06,403.0,616.0,775.0,720.0,720.0,772.0,462.0,218.0,88.0,16.0,542,1321.0,36.0,176.0,1863.0,36.8571428571429,176.857142857143,212.0,213.714285714286,1022.0,29.2857142857143,166.0,126.0,107.0,75601.0,95985.5,130241.0,1.13,1.05,1.19,46446.0,3761.0,8.09757567928347,50255.0,8.0,8.1,381250.0,994281.0,100051.0,1607741.0,1094332.0,132159.0,42080469483607.16,23060639039954.125,28028800853709.53,0,0,0,0,0,1,0
2021-03-05,347.0,636.0,771.0,725.0,744.0,803.0,414.0,234.0,108.0,34.0,541,1370.0,39.0,185.0,1911.0,34.8571428571429,178.142857142857,224.0,213.0,1032.0,29.0,161.857142857143,120.0,110.0,75148.0,94775.5,128566.0,1.13,1.04,1.19,49327.0,4116.0,8.34431447280394,49176.0,7.9,8.2,375994.0,974599.0,100051.0,1582803.0,1074650.0,132159.0,15228656476783.137,14621203230427.266,26748067557754.24,0,0,0,0,1,0,0
2021-03-04,293.0,593.0,748.0,642.0,612.0,649.0,411.0,247.0,97.0,32.0,539,1384.0,31.0,167.0,1923.0,33.8571428571429,178.285714285714,198.0,212.142857142857,1024.0,27.2857142857143,163.857142857143,124.0,109.0,75064.0,94198.5,127044.0,1.1,1.01,1.17,52931.0,3949.0,7.46065632616047,48573.0,7.8,8.2,361767.0,954564.0,100051.0,1538499.0,1054615.0,122117.0,11872791159472.084,18061695707746.16,29533440791524.09,0,0,0,1,0,0,0
2021-03-03,333.0,665.0,905.0,648.0,625.0,764.0,421.0,242.0,111.0,27.0,549,1397.0,49.0,177.0,1946.0,33.5714285714286,182.428571428571,226.0,216.0,1004.0,27.8571428571429,165.142857142857,121.0,110.0,74836.0,93828.5,126208.0,1.08,0.99,1.14,54907.0,4359.0,7.9388784672264,47836.0,8.0,8.4,338111.0,934371.0,97551.0,1479652.0,1031922.0,109619.0,16762162055026.58,24983116118125.848,32667266085518.69,0,0,1,0,0,0,0
2021-03-02,281.0,696.0,890.0,691.0,618.0,725.0,425.0,221.0,100.0,27.0,540,1444.0,52.0,228.0,1984.0,29.4285714285714,178.714285714286,280.0,208.142857142857,1000.0,29.8571428571429,168.857142857143,99.0,106.0,74116.0,94152.5,124717.0,1.04,0.97,1.1,54341.0,4376.0,8.05285143814063,47544.0,8.2,8.5,323345.0,913875.0,97551.0,1429342.0,1011426.0,94571.0,25550133908739.81,36752508933692.6,35138563585681.43,0,1,0,0,0,0,0
2021-03-01,327.0,645.0,889.0,714.0,692.0,756.0,470.0,257.0,128.0,16.0,536,1375.0,30.0,145.0,1911.0,26.4285714285714,174.571428571429,175.0,201.0,970.0,30.0,170.285714285714,88.0,103.0,72596.0,94633.0,123748.0,1.03,0.975,1.08,56417.0,4464.0,7.91250864101246,46476.0,8.5,8.6,311216.0,892838.0,97551.0,1381128.0,990389.0,79523.0,32637052390611.16,39274243101419.34,36341078884433.73,1,0,0,0,0,0,0
2021-02-28,313.0,592.0,649.0,599.0,580.0,583.0,405.0,213.0,106.0,20.0,526,1322.0,21.0,160.0,1848.0,27.4285714285714,171.285714285714,181.0,198.714285714286,927.0,27.8571428571429,173.285714285714,98.0,99.0,71103.0,94681.5,122914.0,1.02,1.0,1.08,37413.0,3346.0,8.94341539037233,45316.0,8.9,8.8,304902.0,871214.0,97551.0,1336670.0,968765.0,63003.0,52070340501726.84,39970648675606.336,39090337607292.54,0,0,0,0,0,0,1
2021-02-27,306.0,569.0,659.0,637.0,599.0,704.0,429.0,216.0,103.0,27.0,518,1291.0,22.0,185.0,1809.0,29.2857142857143,166.0,207.0,195.285714285714,988.0,25.7142857142857,175.0,114.0,95.0,70213.0,94591.5,121758.0,1.02,1.03,1.08,38893.0,3536.0,9.09161031548093,44527.0,8.8,9.0,303170.0,855368.0,97551.0,1319008.0,952919.0,62919.0,33115336411920.027,33883724580842.16,35483439293539.336,0,0,0,0,0,1,0
2021-02-26,280.0,547.0,691.0,655.0,614.0,686.0,414.0,243.0,108.0,31.0,525,1339.0,32.0,186.0,1864.0,29.0,161.857142857143,218.0,190.857142857143,1018.0,27.4285714285714,178.714285714286,106.0,91.0,69140.0,94365.0,120411.0,1.01,1.04,1.07,45110.0,3946.0,8.74750609620927,44052.0,8.5,9.0,288228.0,837044.0,97551.0,1285742.0,934595.0,62919.0,34726269113172.137,34199027295590.72,33549425244550.3,0,0,0,0,1,0,0
2021-02-25,277.0,555.0,685.0,601.0,617.0,642.0,415.0,231.0,143.0,35.0,526,1361.0,29.0,196.0,1887.0,27.2857142857143,163.857142857143,225.0,191.142857142857,1025.0,29.1428571428571,176.142857142857,94.0,93.0,68782.0,94815.0,119615.0,0.98,1.04,1.04,47774.0,4065.0,8.50881232469544,43293.0,8.5,9.2,270803.0,818242.0,97551.0,1236192.0,915793.0,49596.0,33809568217434.312,33946184591201.984,32344741362567.96,0,0,0,1,0,0,0
2021-02-24,313.0,598.0,770.0,681.0,652.0,717.0,464.0,283.0,139.0,54.0,533,1350.0,20.0,151.0,1883.0,27.8571428571429,165.142857142857,171.0,193.0,1041.0,27.7142857142857,174.714285714286,101.0,95.0,68477.0,95132.5,119180.0,0.96,1.05,1.02,52859.0,4406.0,8.33538281087421,42460.0,8.8,9.4,241430.0,794070.0,97551.0,1169302.0,891621.0,36251.0,34061244556165.69,39970283002264.81,31406596548280.305,0,0,1,0,0,0,0
2021-02-23,313.0,598.0,795.0,716.0,645.0,714.0,453.0,271.0,144.0,52.0,538,1379.0,31.0,199.0,1917.0,29.8571428571429,168.857142857143,230.0,198.714285714286,1018.0,25.7142857142857,177.857142857143,116.0,95.0,68546.0,95541.5,119759.0,0.94,1.07,1.0,46864.0,4101.0,8.75085353362923,41479.0,9.4,9.6,223290.0,768413.0,94551.0,1112536.0,862964.0,26282.0,33967741000005.94,37557218918694.4,29119962317259.246,0,1,0,0,0,0,0
2021-02-22,338.0,600.0,828.0,698.0,714.0,772.0,462.0,260.0,170.0,37.0,561,1347.0,37.0,122.0,1908.0,30.0,170.285714285714,159.0,200.285714285714,1000.0,24.8571428571429,165.142857142857,121.0,103.0,68497.0,96132.0,120769.0,0.95,1.1099999999999999,1.0,48298.0,4571.0,9.46416000662553,41300.0,9.8,9.7,207483.0,741003.0,94551.0,1062871.0,835554.0,19834.0,51881863450622.805,32760384608358.0,30731925892415.555,1,0,0,0,0,0,0
2021-02-21,268.0,496.0,665.0,659.0,579.0,700.0,430.0,238.0,118.0,29.0,534,1315.0,34.0,123.0,1849.0,27.8571428571429,173.285714285714,157.0,201.142857142857,995.0,25.4285714285714,161.857142857143,110.0,107.0,68458.0,96409.0,120905.0,0.97,1.145,1.03,31894.0,3300.0,10.346773687841,37644.0,10.1,9.7,194160.0,712193.0,94551.0,1014290.0,806744.0,13386.0,26822052305454.44,24230924104582.312,26286159356493.312,0,0,0,0,0,0,1
2021-02-20,290.0,496.0,687.0,660.0,620.0,770.0,408.0,239.0,121.0,35.0,522,1336.0,20.0,156.0,1858.0,25.7142857142857,175.0,176.0,200.714285714286,1024.0,25.4285714285714,164.0,101.0,107.0,68598.0,96263.0,120585.0,1.0,1.165,1.06,35565.0,3452.0,9.70617179811613,36141.0,9.9,9.7,194160.0,685338.0,94551.0,987435.0,779889.0,13386.0,19577238068996.76,24371091508571.074,23911991648049.4,0,0,0,0,0,1,0
2021-02-19,262.0,462.0,700.0,666.0,620.0,713.0,456.0,266.0,151.0,44.0,510,1433.0,20.0,200.0,1943.0,27.4285714285714,178.714285714286,220.0,206.142857142857,1025.0,24.0,161.714285714286,114.0,111.0,68460.0,95897.0,120270.0,1.01,1.145,1.07,39795.0,4071.0,10.2299283829627,34238.0,9.7,9.9,194160.0,656348.0,94551.0,958445.0,750899.0,13386.0,26293481939295.73,23863613798578.26,26591547962997.91,0,0,0,0,1,0,0
2021-02-18,274.0,513.0,674.0,669.0,642.0,739.0,441.0,264.0,175.0,60.0,523,1408.0,33.0,205.0,1931.0,29.1428571428571,176.142857142857,238.0,205.285714285714,1034.0,22.5714285714286,159.428571428571,129.0,110.0,69002.0,96024.5,120628.0,1.01,1.105,1.07,41946.0,4124.0,9.83168836122634,32511.0,9.5,9.9,189142.0,625081.0,94551.0,915713.0,719632.0,6939.0,27242554517420.727,30182948494179.72,24670136878092.027,0,0,0,1,0,0,0
2021-02-17,291.0,525.0,750.0,718.0,622.0,724.0,467.0,269.0,172.0,46.0,520,1399.0,34.0,177.0,1919.0,27.7142857142857,174.714285714286,211.0,202.428571428571,1036.0,23.4285714285714,158.142857142857,118.0,110.0,69219.0,96360.5,121046.0,1.02,1.06,1.08,45988.0,4215.0,9.16543446116378,30962.0,9.3,10.1,184706.0,592755.0,94551.0,874959.0,687306.0,2947.0,18054804939018.324,28022596221428.5,24083132433385.96,0,0,1,0,0,0,0
2021-02-16,215.0,446.0,702.0,687.0,621.0,742.0,506.0,258.0,179.0,46.0,526,1400.0,32.0,209.0,1926.0,25.7142857142857,177.857142857143,241.0,203.571428571429,1054.0,24.1428571428571,156.0,107.0,114.0,69269.0,96060.5,121814.0,1.04,1.03,1.1,45615.0,4348.0,9.53195220870328,29020.0,9.8,10.4,180270.0,559635.0,94551.0,835929.0,654186.0,1473.0,45251486026100.1,25405287357204.77,25723133209237.133,0,1,0,0,0,0,0
2021-02-15,192.0,443.0,683.0,582.0,550.0,738.0,417.0,254.0,151.0,49.0,536,1386.0,22.0,143.0,1922.0,24.8571428571429,165.142857142857,165.0,190.0,1035.0,24.5714285714286,170.0,101.0,97.0,69437.0,95607.5,122827.0,1.08,1.025,1.14,22702.0,2077.0,9.14897365870848,26915.0,10.6,10.8,177366.0,528988.0,94551.0,800905.0,623539.0,0.0,20761497699167.07,23099502773050.16,25109257763905.35,1,0,0,0,0,0,0
2021-02-14,184.0,386.0,611.0,494.0,455.0,622.0,358.0,214.0,133.0,33.0,530,1329.0,19.0,135.0,1859.0,25.4285714285714,161.857142857143,154.0,187.285714285714,1000.0,24.2857142857143,173.428571428571,105.0,93.0,69879.0,95185.5,122939.0,1.11,1.03,1.18,21377.0,2379.0,11.1287832717407,27170.0,11.0,11.2,176745.0,512392.0,94469.0,783606.0,606861.0,0.0,10202878346347.12,20460204988312.65,25342310476287.883,0,0,0,0,0,0,1
2021-02-13,165.0,356.0,510.0,474.0,495.0,641.0,340.0,213.0,124.0,48.0,538,1325.0,32.0,182.0,1863.0,25.4285714285714,164.0,214.0,189.428571428571,1060.0,25.8571428571429,172.285714285714,98.0,95.0,69814.0,94346.5,122712.0,1.13,1.025,1.2,22242.0,2549.0,11.4603003327039,24130.0,10.8,11.2,176745.0,483804.0,93816.0,754365.0,577620.0,0.0,38334132273636.3,24770420007689.69,26861480480141.68,0,0,0,0,0,1,0
2021-02-12,153.0,359.0,547.0,477.0,489.0,641.0,377.0,206.0,165.0,48.0,534,1370.0,32.0,182.0,1904.0,24.0,161.714285714286,214.0,185.714285714286,1039.0,26.8571428571429,176.571428571429,89.0,92.0,69626.0,93729.5,122168.0,1.11,0.99,1.18,27707.0,2942.0,10.6182553145415,25053.0,10.8,11.1,176745.0,454614.0,93816.0,725175.0,548430.0,0.0,12843604344954.53,21837312706469.78,25570573137101.65,0,0,0,0,1,0,0
2021-02-11,170.0,340.0,551.0,497.0,458.0,631.0,360.0,230.0,197.0,57.0,537,1415.0,23.0,195.0,1952.0,22.5714285714286,159.428571428571,218.0,182.0,1054.0,28.8571428571429,180.857142857143,78.0,88.0,70411.0,93900.0,121638.0,1.07,0.9550000000000001,1.14,31101.0,3272.0,10.5205620398058,25726.0,11.1,11.2,176178.0,424894.0,93816.0,694888.0,518710.0,0.0,23133523404478.25,31207563894410.81,38800483759543.57,0,0,0,1,0,0,0
2021-02-10,168.0,408.0,639.0,507.0,470.0,604.0,379.0,212.0,178.0,58.0,533,1457.0,20.0,199.0,1990.0,23.4285714285714,158.142857142857,219.0,181.571428571429,1044.0,28.8571428571429,180.857142857143,81.0,87.0,70995.0,94404.5,121726.0,1.03,0.935,1.09,32393.0,3633.0,11.2153860401939,26157.0,11.7,11.1,170726.0,395742.0,93816.0,660284.0,489558.0,0.0,29534810369976.56,30960678321533.0,40951326878570.16,0,0,1,0,0,0,0
2021-02-09,157.0,415.0,608.0,548.0,498.0,679.0,441.0,238.0,203.0,60.0,550,1460.0,26.0,120.0,2010.0,24.1428571428571,156.0,146.0,180.142857142857,1005.0,30.7142857142857,183.285714285714,79.0,85.0,70920.0,94870.0,121201.0,1.0,0.9299999999999999,1.06,30884.0,3584.0,11.6047144152312,26466.0,11.9,11.0,165894.0,366436.0,93816.0,626146.0,460252.0,0.0,40954357908777.63,28061430989315.363,41754926694378.086,0,1,0,0,0,0,0
2021-02-08,137.0,342.0,555.0,507.0,481.0,597.0,409.0,218.0,168.0,64.0,542,1492.0,26.0,120.0,2034.0,24.5714285714286,170.0,146.0,194.571428571429,997.0,34.0,183.428571428571,72.0,93.0,70480.0,96159.0,120735.0,0.99,0.94,1.06,24488.0,3010.0,12.2917347272133,26599.0,11.3,10.8,161517.0,340601.0,93816.0,595934.0,434417.0,0.0,22392866685844.81,24175905310508.184,40730936502036.1,1,0,0,0,0,0,0
2021-02-07,115.0,279.0,485.0,450.0,424.0,560.0,352.0,166.0,119.0,33.0,535,1445.0,19.0,150.0,1980.0,24.2857142857143,173.428571428571,169.0,197.714285714286,997.0,34.0,187.0,71.0,93.0,70058.0,97384.0,120313.0,0.99,0.9650000000000001,1.07,94.0,3015.0,11.4062749581024,27881.0,10.8,10.7,156503.0,321042.0,93816.0,571361.0,414858.0,0.0,20837068373323.656,51862609315909.25,42871263252472.79,0,0,0,0,0,0,1
2021-02-06,172.0,341.0,511.0,418.0,454.0,608.0,385.0,197.0,156.0,59.0,547,1436.0,22.0,166.0,1983.0,25.8571428571429,172.285714285714,188.0,198.142857142857,1035.0,35.7142857142857,190.285714285714,72.0,91.0,69021.0,98822.5,119672.0,0.99,0.98,1.06,28705.0,3020.0,10.5208151889915,30623.0,10.6,10.9,154665.0,320982.0,93216.0,568863.0,414198.0,0.0,29297780872356.08,57646728270689.5,44337375932890.18,0,0,0,0,0,1,0
2021-02-05,142.0,374.0,526.0,508.0,520.0,633.0,418.0,235.0,194.0,62.0,573,1479.0,22.0,166.0,2052.0,26.8571428571429,176.571428571429,188.0,203.428571428571,1063.0,36.2857142857143,192.857142857143,74.0,92.0,68008.0,99775.0,119451.0,0.96,0.9650000000000001,1.02,32418.0,3569.0,11.0093158122031,29846.0,10.6,11.0,149742.0,295159.0,87816.0,532717.0,382975.0,0.0,105452978702048.0,59600804340114.82,44458260759800.96,0,0,0,0,1,0,0
2021-02-04,157.0,321.0,596.0,519.0,468.0,626.0,411.0,218.0,198.0,81.0,602,1519.0,29.0,186.0,2121.0,28.8571428571429,180.857142857143,215.0,209.714285714286,1088.0,35.5714285714286,197.857142857143,81.0,91.0,67701.0,101561.5,120099.0,0.92,0.94,0.99,34120.0,3526.0,10.3341148886284,29387.0,10.5,11.2,139018.0,269801.0,86716.0,495535.0,356517.0,0.0,38189425237664.39,35711953626893.4,34363796469730.555,0,0,0,1,0,0,0
2021-02-03,142.0,409.0,630.0,518.0,552.0,696.0,426.0,244.0,187.0,59.0,613,1601.0,25.0,184.0,2214.0,28.8571428571429,180.857142857143,209.0,209.714285714286,1092.0,36.5714285714286,203.571428571429,79.0,89.0,67494.0,102907.0,121315.0,0.9,0.9199999999999999,0.97,34550.0,3580.0,10.3617945007236,29023.0,10.8,11.2,124504.0,245278.0,85216.0,454998.0,330494.0,0.0,35160009080632.074,35440529860639.12,34291925215494.188,0,0,1,0,0,0,0
2021-02-02,148.0,410.0,609.0,549.0,530.0,671.0,413.0,242.0,207.0,88.0,629,1640.0,29.0,218.0,2269.0,30.7142857142857,183.285714285714,247.0,214.0,1100.0,35.0,205.142857142857,88.0,89.0,67425.0,103877.0,122315.0,0.9,0.9099999999999999,0.96,31821.0,3411.0,10.7193362873574,29058.0,11.4,11.3,112391.0,222486.0,81216.0,416093.0,303702.0,0.0,33786426562383.72,34087145879176.89,34253577120244.66,0,1,0,0,0,0,0
2021-02-01,147.0,420.0,662.0,570.0,579.0,724.0,438.0,261.0,202.0,74.0,639,1631.0,24.0,144.0,2270.0,34.0,183.428571428571,168.0,217.428571428571,1065.0,33.5714285714286,208.857142857143,101.0,88.0,68167.0,104894.0,124151.0,0.91,0.9099999999999999,0.97,33458.0,3759.0,11.2349811704226,29282.0,11.8,11.4,98633.0,203559.0,73716.0,375908.0,277275.0,0.0,37375153938901.56,32872995245292.863,38379747833253.984,1,0,0,0,0,0,0
2021-01-31,126.0,354.0,565.0,449.0,467.0,650.0,398.0,199.0,145.0,46.0,646,1573.0,30.0,142.0,2219.0,34.0,187.0,172.0,221.0,1100.0,34.1428571428571,206.428571428571,100.0,91.0,69355.0,105713.5,125413.0,0.93,0.9199999999999999,1.0,19289.0,2457.0,12.7378298512105,29754.0,12.2,11.4,95833.0,187339.0,60716.0,343888.0,248055.0,0.0,31099857136245.414,32011853489510.72,37325909711349.67,0,0,0,0,0,0,1
2021-01-30,155.0,355.0,563.0,476.0,521.0,683.0,396.0,215.0,144.0,42.0,640,1600.0,29.0,196.0,2240.0,35.7142857142857,190.285714285714,225.0,226.0,1111.0,33.5714285714286,208.428571428571,106.0,91.0,70950.0,106586.5,126695.0,0.95,0.915,1.01,23265.0,2755.0,11.8418224801204,30540.0,11.5,11.4,89089.0,176286.0,57216.0,322591.0,233502.0,0.0,30143974660731.613,34207343263432.176,40249312719421.33,0,0,0,0,0,1,0
2021-01-29,139.0,357.0,630.0,563.0,552.0,677.0,433.0,222.0,197.0,60.0,659,1572.0,36.0,196.0,2231.0,36.2857142857143,192.857142857143,232.0,229.142857142857,1117.0,33.8571428571429,208.142857142857,107.0,93.0,71919.0,107424.5,127631.0,0.93,0.9,1.0,29207.0,3522.0,12.0587530386551,31364.0,11.1,11.4,77244.0,152253.0,57216.0,286713.0,209469.0,0.0,34791728671555.125,35789875847816.77,41019859280856.266,0,0,0,0,1,0,0
2021-01-28,123.0,380.0,634.0,497.0,514.0,733.0,448.0,244.0,202.0,69.0,645,1595.0,29.0,186.0,2240.0,35.5714285714286,197.857142857143,215.0,233.428571428571,1140.0,32.8571428571429,206.142857142857,108.0,96.0,73579.0,108675.5,129544.0,0.91,0.885,0.97,31574.0,3353.0,10.6194970545385,32442.0,10.9,11.3,61238.0,152253.0,46416.0,259907.0,198669.0,0.0,37686326458009.805,45082506808448.055,40983990337630.86,0,0,0,1,0,0,0
2021-01-27,132.0,462.0,698.0,588.0,573.0,765.0,483.0,284.0,227.0,88.0,651,1648.0,38.0,201.0,2299.0,36.5714285714286,203.571428571429,239.0,240.142857142857,1143.0,34.5714285714286,206.142857142857,106.0,99.0,74809.0,110228.5,131005.0,0.89,0.875,0.95,34789.0,3724.0,10.7045330420535,33783.0,11.2,11.3,43836.0,140205.0,46416.0,230457.0,186621.0,0.0,34891572413885.395,42519827017635.24,38883684119714.1,0,0,1,0,0,0,0
2021-01-26,112.0,445.0,697.0,570.0,574.0,738.0,461.0,272.0,210.0,82.0,674,1705.0,52.0,219.0,2379.0,35.0,205.142857142857,271.0,240.142857142857,1140.0,37.2857142857143,207.0,94.0,99.0,75056.0,111479.5,132698.0,0.88,0.88,0.94,33393.0,3792.0,11.355673344713,35238.0,11.6,11.3,30045.0,128311.0,40216.0,198572.0,168527.0,0.0,62669621553448.97,48077195610589.125,39017787524607.36,0,1,0,0,0,0,0
2021-01-25,107.0,485.0,744.0,584.0,617.0,789.0,512.0,318.0,233.0,89.0,664,1720.0,24.0,169.0,2384.0,33.5714285714286,208.857142857143,193.0,242.428571428571,1080.0,37.4285714285714,210.142857142857,90.0,99.0,75297.0,113124.5,134491.0,0.88,0.905,0.94,36758.0,4201.0,11.4288046139616,36768.0,11.8,11.1,21357.0,116593.0,40216.0,178166.0,156809.0,0.0,29998287085571.367,39033255289698.2,37002234083061.984,1,0,0,0,0,0,0
2021-01-24,95.0,404.0,640.0,537.0,553.0,713.0,464.0,234.0,152.0,54.0,680,1667.0,42.0,165.0,2347.0,34.1428571428571,206.428571428571,207.0,240.571428571429,1096.0,36.8571428571429,213.142857142857,93.0,97.0,75397.0,114296.5,136030.0,0.89,0.94,0.95,24795.0,3021.0,12.183908045977,38339.0,11.8,11.0,16829.0,107100.0,40216.0,164145.0,147316.0,0.0,51563678192747.05,40547374950833.48,39452649163479.055,0,0,0,0,0,0,1
2021-01-23,132.0,440.0,684.0,588.0,615.0,799.0,512.0,247.0,163.0,60.0,673,1633.0,33.0,214.0,2306.0,33.5714285714286,208.428571428571,247.0,242.0,1132.0,35.0,214.285714285714,96.0,97.0,75801.0,114421.0,137372.0,0.89,0.965,0.94,29032.0,3456.0,11.9041058142739,39237.0,11.3,10.8,15000.0,97279.0,40216.0,152495.0,152495.0,0.0,35537800590776.164,31020876530781.97,35256538051850.99,0,0,0,0,0,1,0
2021-01-22,132.0,449.0,725.0,628.0,630.0,864.0,541.0,278.0,243.0,80.0,674,1684.0,31.0,231.0,2358.0,33.8571428571429,208.142857142857,262.0,242.0,1130.0,36.2857142857143,218.428571428571,93.0,95.0,76403.0,114541.0,138446.0,0.87,0.965,0.93,36754.0,4196.0,11.4164444686293,40387.0,10.9,10.6,13436.0,87591.0,40216.0,141243.0,141243.0,0.0,34540646068977.223,31118375083235.98,33015378124900.062,0,0,0,0,1,0,0
2021-01-21,106.0,480.0,769.0,677.0,625.0,826.0,529.0,281.0,238.0,75.0,677,1667.0,36.0,226.0,2344.0,32.8571428571429,206.142857142857,262.0,239.0,1137.0,38.1428571428571,223.0,86.0,92.0,78096.0,115402.0,139255.0,0.86,0.95,0.91,40963.0,4424.0,10.7999902350902,41696.0,10.6,10.5,13436.0,77597.0,40216.0,131249.0,131249.0,0.0,22984182932592.523,35791742214454.016,31739866395377.12,0,0,0,1,0,0,0
2021-01-20,119.0,554.0,875.0,717.0,752.0,955.0,622.0,358.0,265.0,101.0,679,1709.0,27.0,212.0,2388.0,34.5714285714286,206.142857142857,239.0,240.714285714286,1126.0,35.4285714285714,223.714285714286,98.0,92.0,79973.0,116042.0,140484.0,0.85,0.935,0.9,44973.0,4741.0,10.5418806839659,42740.0,10.5,10.4,8476.0,67579.0,40216.0,116271.0,116271.0,0.0,35830296248138.195,43847412119753.47,35861720601622.77,0,0,1,0,0,0,0
2021-01-19,116.0,559.0,949.0,719.0,691.0,955.0,580.0,368.0,274.0,105.0,683,1767.0,42.0,245.0,2450.0,37.2857142857143,207.0,287.0,244.285714285714,1127.0,34.4285714285714,230.0,108.0,90.0,81212.0,116780.5,141747.0,0.85,0.925,0.91,44101.0,4589.0,10.4056597356069,43067.0,10.5,10.5,1037.0,57579.0,40216.0,98832.0,98832.0,0.0,48560747462631.33,39300946840824.27,33764584524727.25,0,1,0,0,0,0,0
2021-01-18,138.0,581.0,938.0,763.0,759.0,1023.0,642.0,359.0,273.0,97.0,690,1744.0,28.0,152.0,2434.0,37.4285714285714,210.142857142857,180.0,247.571428571429,1088.0,34.8571428571429,237.571428571429,107.0,88.0,82330.0,118330.5,143919.0,0.88,0.925,0.93,47758.0,4990.0,10.4485112441895,42560.0,10.4,10.7,1037.0,47673.0,40216.0,88926.0,88926.0,0.0,47151192648490.88,29730591387320.406,30280115758194.555,1,0,0,0,0,0,0
2021-01-17,104.0,507.0,808.0,672.0,646.0,869.0,502.0,311.0,191.0,61.0,676,1708.0,38.0,179.0,2384.0,36.8571428571429,213.142857142857,217.0,250.0,1069.0,37.2857142857143,245.142857142857,99.0,87.0,82852.0,119697.0,145741.0,0.91,0.94,0.97,31080.0,3350.0,10.7786357786358,41999.0,10.4,11.0,0.0,37591.0,40216.0,77807.0,77807.0,0.0,22190900411350.63,22550881825262.293,27792035150342.645,0,0,0,0,0,0,1
2021-01-16,114.0,526.0,792.0,679.0,698.0,973.0,530.0,301.0,205.0,57.0,671,1694.0,35.0,212.0,2365.0,35.0,214.285714285714,247.0,249.285714285714,1112.0,37.8571428571429,252.857142857143,92.0,85.0,82550.0,120498.0,146292.0,0.94,0.9450000000000001,0.99,37079.0,3734.0,10.0703902478492,41660.0,10.3,11.2,0.0,28447.0,39000.0,67447.0,67447.0,0.0,19849681102119.715,32432969146916.145,27539979609407.008,0,0,0,0,0,1,0
2021-01-15,113.0,488.0,878.0,738.0,711.0,989.0,653.0,399.0,267.0,112.0,690,1784.0,24.0,217.0,2474.0,36.2857142857143,218.428571428571,241.0,254.714285714286,1142.0,36.8571428571429,253.857142857143,98.0,86.0,82344.0,120271.0,146738.0,0.94,0.925,0.99,45917.0,4731.0,10.3033734782325,41398.0,10.5,11.5,0.0,19332.0,39000.0,58332.0,58332.0,0.0,25612063962316.54,32866523349499.406,27643832493763.44,0,0,0,0,1,0,0
2021-01-14,114.0,559.0,884.0,665.0,672.0,962.0,589.0,324.0,234.0,72.0,693,1814.0,48.0,226.0,2507.0,38.1428571428571,223.0,274.0,261.142857142857,1146.0,36.8571428571429,252.428571428571,103.0,88.0,83164.0,121276.0,147640.0,0.92,0.885,0.98,48272.0,5091.0,10.5464865760689,41291.0,11.1,11.8,0.0,10487.0,39000.0,49487.0,49487.0,0.0,51837162376312.18,32385657394361.363,26307236664749.95,0,0,0,1,0,0,0
2021-01-13,120.0,615.0,934.0,751.0,753.0,1114.0,632.0,381.0,297.0,113.0,700,1821.0,46.0,218.0,2521.0,35.4285714285714,223.714285714286,264.0,259.142857142857,1116.0,38.1428571428571,261.428571428571,93.0,86.0,83798.0,122324.0,148286.0,0.91,0.855,0.96,47263.0,5087.0,10.763176268963,41500.0,11.7,12.1,0.0,8506.0,38500.0,47006.0,47006.0,0.0,21150343709869.49,25018146066766.47,21059158535037.27,0,0,1,0,0,0,0
2021-01-12,127.0,703.0,1037.0,789.0,726.0,1111.0,648.0,399.0,327.0,139.0,695,1945.0,43.0,267.0,2640.0,34.4285714285714,230.0,310.0,264.428571428571,1112.0,41.7142857142857,265.285714285714,83.0,87.0,84177.0,123109.0,149384.0,0.9,0.835,0.95,40551.0,4913.0,12.1156075065966,42534.0,12.5,12.4,0.0,6587.0,38500.0,45087.0,45087.0,0.0,24169466096902.414,24776868705077.05,22703950483376.004,0,1,0,0,0,0,0
2021-01-11,121.0,634.0,1016.0,744.0,788.0,1131.0,759.0,403.0,318.0,123.0,702,1926.0,24.0,173.0,2628.0,34.8571428571429,237.571428571429,197.0,272.428571428571,1085.0,45.4285714285714,281.0,77.0,85.0,85214.0,124022.0,151447.0,0.9,0.84,0.95,43834.0,5387.0,12.2895469270429,44653.0,12.6,12.5,0.0,4726.0,38000.0,42726.0,42726.0,0.0,29734628393527.504,23579263770314.47,21584651067429.19,1,0,0,0,0,0,0
2021-01-10,80.0,617.0,870.0,600.0,711.0,1025.0,577.0,333.0,256.0,94.0,711,1850.0,25.0,187.0,2561.0,37.2857142857143,245.142857142857,212.0,282.428571428571,1090.0,47.2857142857143,287.714285714286,79.0,85.0,86768.0,125701.0,152626.0,0.91,0.88,0.97,28702.0,3824.0,13.3231133718905,46197.0,12.6,12.9,0.0,2934.0,31000.0,33934.0,33934.0,0.0,20426511624801.234,19086352025546.02,23427851271372.477,0,0,0,0,0,0,1
2021-01-09,118.0,572.0,873.0,749.0,745.0,1068.0,608.0,324.0,274.0,104.0,700,1874.0,44.0,241.0,2574.0,37.8571428571429,252.857142857143,285.0,290.714285714286,1120.0,49.1428571428571,288.0,77.0,88.0,87808.0,127628.0,153188.0,0.92,0.935,0.97,35245.0,4385.0,12.4414810611434,47651.0,12.3,13.0,0.0,2018.0,30000.0,32018.0,32018.0,0.0,20576651292614.668,17311053306720.072,23892980538450.758,0,0,0,0,0,1,0
2021-01-08,95.0,694.0,935.0,714.0,778.0,1111.0,637.0,413.0,292.0,110.0,708,1936.0,37.0,249.0,2644.0,36.8571428571429,253.857142857143,286.0,290.714285714286,1134.0,49.8571428571429,283.0,74.0,90.0,87753.0,129484.0,152789.0,0.9,0.975,0.95,45167.0,5560.0,12.3098722518653,49375.0,12.4,13.0,0.0,1022.0,26000.0,27022.0,27022.0,0.0,16255893159222.166,21340131991928.73,26915806894930.87,0,0,0,0,1,0,0
2021-01-07,118.0,787.0,1103.0,725.0,823.0,1064.0,661.0,392.0,291.0,121.0,712,2052.0,29.0,231.0,2764.0,36.8571428571429,252.428571428571,260.0,289.285714285714,1132.0,50.4285714285714,294.142857142857,73.0,86.0,88590.0,133142.0,153962.0,0.86,0.975,0.91,49737.0,6008.0,12.0795383718359,47684.0,12.5,13.3,0.0,128.0,15000.0,15128.0,15128.0,0.0,15678254313772.773,21353211496270.83,26508166486462.004,0,0,0,1,0,0,0
2021-01-06,129.0,919.0,1280.0,833.0,847.0,1115.0,685.0,464.0,357.0,138.0,704,2131.0,39.0,262.0,2835.0,38.1428571428571,261.428571428571,301.0,299.571428571429,1139.0,50.4285714285714,298.0,76.0,88.0,89098.0,137402.0,155550.0,0.83,0.95,0.88,54503.0,6890.0,12.6415059721483,46314.0,13.3,13.7,0.0,44.0,0.0,44.0,44.0,0.0,15100615468323.38,21366291000612.93,26100526077993.137,0,0,1,0,0,0,0
2021-01-05,109.0,925.0,1420.0,861.0,933.0,1153.0,699.0,491.0,384.0,127.0,731,2159.0,46.0,320.0,2890.0,41.7142857142857,265.285714285714,366.0,307.0,1127.0,49.2857142857143,299.142857142857,85.0,89.0,88988.0,141572.5,157230.0,0.81,0.9199999999999999,0.86,55385.0,7131.0,12.8753272546718,47480.0,13.7,13.8,0.0,0.0,0.0,0.0,0.0,0.0,32663887348240.65,30545095784881.95,32457287655136.85,0,1,0,0,0,0,0
2021-01-04,143.0,1079.0,1678.0,1069.0,1094.0,1417.0,839.0,538.0,382.0,116.0,715,2130.0,41.0,226.0,2845.0,45.4285714285714,281.0,267.0,326.428571428571,1092.0,43.7142857142857,289.0,104.0,97.0,88508.0,145557.5,159536.0,0.82,0.9,0.86,54638.0,7838.0,14.3453274277975,48882.0,13.8,13.7,0.0,0.0,0.0,0.0,0.0,0.0,16334370185274.75,27551272166918.137,33560489686591.805,1,0,0,0,0,0,0
2021-01-03,104.0,1033.0,1592.0,976.0,1014.0,1191.0,766.0,459.0,313.0,97.0,704,2006.0,29.0,241.0,2710.0,47.2857142857143,287.714285714286,270.0,335.0,1064.0,41.2857142857143,279.285714285714,115.0,103.0,89274.0,149418.0,162128.0,0.86,0.91,0.9,38880.0,5443.0,13.9994855967078,49814.0,13.8,13.7,0.0,0.0,0.0,0.0,0.0,0.0,42637029821130.445,36018627367818.38,40786578014961.52,0,0,0,0,0,0,1
2021-01-02,96.0,838.0,1389.0,907.0,979.0,1208.0,752.0,454.0,271.0,96.0,698,2005.0,37.0,248.0,2703.0,49.1428571428571,288.0,285.0,337.142857142857,1077.0,40.4285714285714,275.714285714286,122.0,104.0,90406.0,153308.0,164850.0,0.91,0.935,0.96,47313.0,6177.0,13.0556083951557,50423.0,14.0,13.7,0.0,0.0,0.0,0.0,0.0,0.0,23682416494349.21,25322593240994.24,38470690239266.36,0,0,0,0,0,1,0
2021-01-01,122.0,828.0,1210.0,925.0,962.0,1154.0,748.0,434.0,285.0,100.0,703,1957.0,37.0,239.0,2660.0,49.8571428571429,283.0,276.0,332.857142857143,1092.0,40.8571428571429,286.714285714286,122.0,99.0,91088.0,155886.0,167880.0,0.95,0.94,1.0,33332.0,4913.0,14.7395895835833,48868.0,14.1,14.0,0.0,0.0,0.0,0.0,0.0,0.0,41736435787975.5,37294436578987.63,38126745656988.58,0,0,0,0,1,0,0
2020-12-31,120.0,785.0,1149.0,887.0,916.0,1264.0,861.0,592.0,327.0,115.0,724,2104.0,38.0,294.0,2828.0,50.4285714285714,294.142857142857,332.0,344.571428571429,1134.0,42.4285714285714,279.142857142857,119.0,105.0,93814.0,158459.0,172470.0,0.95,0.91,1.0,40146.0,5864.0,14.6066855975689,49073.0,13.5,14.1,0.0,0.0,0.0,0.0,0.0,0.0,10548927440658.0,36844391839137.57,36570196148462.336,0,0,0,1,0,0,0
2020-12-30,101.0,793.0,1203.0,968.0,1021.0,1301.0,795.0,579.0,416.0,132.0,712,2002.0,64.0,289.0,2714.0,50.4285714285714,298.0,353.0,348.428571428571,1134.0,42.4285714285714,264.857142857143,119.0,113.0,96394.0,160718.0,178410.0,0.93,0.875,0.97,62669.0,8451.0,13.4851361917375,51495.0,13.4,13.9,0.0,0.0,0.0,0.0,0.0,0.0,59597946508329.41,55633745520205.84,38892362943901.07,0,0,1,0,0,0,0
2020-12-29,114.0,873.0,1451.0,1103.0,1142.0,1434.0,928.0,661.0,431.0,164.0,684,2077.0,72.0,430.0,2761.0,49.2857142857143,299.142857142857,502.0,348.428571428571,1100.0,38.4285714285714,242.714285714286,128.0,123.0,99449.0,161512.0,183696.0,0.9,0.85,0.94,65195.0,8315.0,12.7540455556408,54050.0,13.5,13.5,0.0,0.0,0.0,0.0,0.0,0.0,40386301568425.32,44576368481184.13,35353910064084.19,0,1,0,0,0,0,0
2020-12-28,136.0,988.0,1478.0,1206.0,1308.0,1654.0,1032.0,695.0,428.0,148.0,658,1922.0,54.0,273.0,2580.0,43.7142857142857,289.0,327.0,332.714285714286,1028.0,40.2857142857143,228.857142857143,109.0,126.0,102492.0,161676.0,188623.0,0.88,0.84,0.92,61161.0,8508.0,13.9108255260705,56259.0,14.4,13.2,0.0,0.0,0.0,0.0,0.0,0.0,66916988483862.766,38205869431177.27,35444376714916.055,1,0,0,0,0,0,0
2020-12-27,101.0,897.0,1333.0,1121.0,1165.0,1428.0,909.0,571.0,322.0,105.0,631,1797.0,42.0,243.0,2428.0,41.2857142857143,279.285714285714,285.0,320.571428571429,1018.0,40.1428571428571,225.857142857143,103.0,124.0,105472.0,160075.5,193364.0,0.89,0.86,0.93,43144.0,6028.0,13.9718153161506,58502.0,15.2,13.0,0.0,0.0,0.0,0.0,0.0,0.0,26425815391264.297,26180403012653.64,32836652231841.934,0,0,0,0,0,0,1
2020-12-26,133.0,831.0,1183.0,1002.0,1204.0,1325.0,786.0,540.0,318.0,89.0,615,1734.0,42.0,213.0,2349.0,40.4285714285714,275.714285714286,255.0,316.142857142857,987.0,40.1428571428571,218.428571428571,101.0,126.0,109668.0,158128.5,196948.0,0.91,0.885,0.96,36432.0,5725.0,15.7142072902942,60395.0,14.6,13.0,0.0,0.0,0.0,0.0,0.0,0.0,21274804418404.76,26306496218475.23,33442158406442.96,0,0,0,0,0,1,0
2020-12-25,123.0,910.0,1119.0,993.0,1141.0,1441.0,906.0,585.0,372.0,108.0,600,1704.0,41.0,317.0,2304.0,40.8571428571429,286.714285714286,358.0,327.571428571429,1017.0,39.0,212.285714285714,105.0,135.0,112222.0,154909.5,199550.0,0.92,0.9,0.96,34761.0,5641.0,16.227956618049,63894.0,13.0,13.0,0.0,0.0,0.0,0.0,0.0,0.0,30840589228291.844,30824486862210.73,34752325969880.188,0,0,0,0,1,0,0
2020-12-24,161.0,1055.0,1307.0,1091.0,1282.0,1542.0,964.0,624.0,487.0,150.0,596,1712.0,38.0,321.0,2308.0,42.4285714285714,279.142857142857,359.0,321.571428571429,1032.0,35.8571428571429,203.0,118.0,138.0,115435.0,151676.0,201483.0,0.89,0.91,0.93,57102.0,7429.0,13.0100521873139,68574.0,12.0,12.9,0.0,0.0,0.0,0.0,0.0,0.0,26804095008729.074,34217479827529.57,33840161024624.93,0,0,0,1,0,0,0
2020-12-23,153.0,1184.0,1434.0,1156.0,1349.0,1571.0,988.0,634.0,460.0,151.0,608,1686.0,56.0,297.0,2294.0,42.4285714285714,264.857142857143,353.0,307.285714285714,1047.0,34.1428571428571,199.714285714286,124.0,133.0,118197.0,148027.0,203239.0,0.86,0.925,0.89,80553.0,9343.0,11.5985748513401,70630.0,12.0,13.0,0.0,0.0,0.0,0.0,0.0,0.0,34828776349611.277,41503753858734.52,32691763002484.105,0,0,1,0,0,0,0
2020-12-22,191.0,1236.0,1575.0,1342.0,1557.0,1807.0,1102.0,652.0,515.0,173.0,586,1703.0,33.0,359.0,2289.0,38.4285714285714,242.714285714286,392.0,281.142857142857,1055.0,35.2857142857143,207.142857142857,109.0,117.0,119443.0,143515.5,203581.0,0.83,0.95,0.87,80660.0,9350.0,11.5918670964543,69888.0,12.6,13.3,0.0,0.0,0.0,0.0,0.0,0.0,41019568124248.375,40115614613354.586,31659187180218.406,0,1,0,0,0,0,0
2020-12-21,168.0,1365.0,1696.0,1461.0,1679.0,1962.0,1246.0,695.0,449.0,170.0,586,1576.0,37.0,205.0,2162.0,40.2857142857143,228.857142857143,242.0,269.142857142857,1015.0,31.8571428571429,199.142857142857,126.0,115.0,119962.0,139569.0,203390.0,0.82,0.995,0.86,76865.0,9783.0,12.7275092694985,68783.0,13.5,13.6,0.0,0.0,0.0,0.0,0.0,0.0,48662917102343.9,36591084359426.914,27949651475883.105,1,0,0,0,0,0,0
2020-12-20,137.0,1285.0,1506.0,1267.0,1487.0,1748.0,1035.0,630.0,373.0,133.0,580,1533.0,36.0,218.0,2113.0,40.1428571428571,225.857142857143,254.0,266.0,1011.0,30.1428571428571,194.285714285714,133.0,116.0,119037.0,134679.0,201114.0,0.84,1.06,0.88,56395.0,7833.0,13.8895292135828,68348.0,14.1,13.7,0.0,0.0,0.0,0.0,0.0,0.0,30664358613471.49,28521923529147.28,23606018407220.84,0,0,0,0,0,0,1
2020-12-19,164.0,1456.0,1447.0,1464.0,1746.0,1958.0,1091.0,634.0,392.0,141.0,560,1505.0,45.0,290.0,2065.0,40.1428571428571,218.428571428571,335.0,258.571428571429,1043.0,28.0,193.428571428571,143.0,113.0,118573.0,129631.0,197684.0,0.87,1.12,0.9,60920.0,8595.0,14.1086671043992,67645.0,14.0,13.6,0.0,0.0,0.0,0.0,0.0,0.0,30445977362465.348,24555573609237.91,22400406691644.71,0,0,0,0,0,1,0
2020-12-18,144.0,1503.0,1623.0,1434.0,1762.0,1976.0,1190.0,701.0,450.0,152.0,549,1485.0,52.0,264.0,2034.0,39.0,212.285714285714,316.0,251.285714285714,1046.0,27.1428571428571,185.142857142857,144.0,115.0,116800.0,124496.0,193019.0,0.88,1.1400000000000001,0.92,67523.0,9611.0,14.2336685277609,67216.0,13.9,13.5,0.0,0.0,0.0,0.0,0.0,0.0,24455434611505.0,23607163019666.58,19685857217186.79,0,0,0,0,1,0,0
2020-12-17,165.0,1496.0,1695.0,1419.0,1744.0,1875.0,1159.0,730.0,480.0,170.0,536,1467.0,38.0,221.0,2003.0,35.8571428571429,203.0,259.0,238.857142857143,1043.0,26.8571428571429,183.714285714286,134.0,110.0,115157.0,120379.5,188195.0,0.89,1.1400000000000001,0.93,71492.0,9854.0,13.7833603759861,67427.0,13.4,13.2,0.0,0.0,0.0,0.0,0.0,0.0,18765308853743.39,20472957547132.0,17911242795304.0,0,0,0,1,0,0,0
2020-12-16,183.0,1761.0,1785.0,1512.0,1838.0,1948.0,1266.0,767.0,488.0,159.0,526,1438.0,28.0,142.0,1964.0,34.1428571428571,199.714285714286,170.0,233.857142857143,1070.0,26.1428571428571,177.285714285714,131.0,113.0,113534.0,117163.5,182520.0,0.91,1.1400000000000001,0.94,75359.0,10256.0,13.6095224193527,67243.0,13.3,12.9,0.0,0.0,0.0,0.0,0.0,0.0,27600745593751.344,20303683136453.54,18843564861984.54,0,0,1,0,0,0,0
2020-12-15,210.0,1892.0,1897.0,1624.0,1935.0,2065.0,1235.0,722.0,457.0,159.0,524,1430.0,46.0,262.0,1954.0,35.2857142857143,207.142857142857,308.0,242.428571428571,1054.0,24.5714285714286,169.857142857143,144.0,122.0,110076.0,113922.5,176955.0,0.93,1.1400000000000001,0.97,72924.0,9434.0,12.9367560748176,66598.0,13.3,12.5,0.0,0.0,0.0,0.0,0.0,0.0,15052818193901.26,18511793473349.3,17038764721041.629,0,1,0,0,0,0,0
2020-12-14,194.0,1979.0,1922.0,1591.0,1950.0,2209.0,1216.0,765.0,446.0,153.0,503,1369.0,36.0,184.0,1872.0,31.8571428571429,199.142857142857,220.0,231.0,1026.0,24.2857142857143,167.142857142857,131.0,119.0,107037.0,111380.5,172101.0,0.98,1.16,1.01,73823.0,9831.0,13.3169879305907,64979.0,13.3,12.4,0.0,0.0,0.0,0.0,0.0,0.0,18257485621708.01,17308897755802.182,18684280481736.246,1,0,0,0,0,0,0
2020-12-13,185.0,1628.0,1495.0,1328.0,1558.0,1641.0,1025.0,569.0,346.0,98.0,497,1270.0,36.0,166.0,1767.0,30.1428571428571,194.285714285714,202.0,224.428571428571,975.0,23.4285714285714,164.857142857143,129.0,118.0,103147.0,109965.5,166211.0,1.04,1.205,1.08,51471.0,7040.0,13.6776048648754,63192.0,12.9,12.1,0.0,0.0,0.0,0.0,0.0,0.0,22225076604438.625,15234113768007.994,21905741932839.48,0,0,0,0,0,0,1
2020-12-12,187.0,1614.0,1413.0,1330.0,1578.0,1725.0,1027.0,598.0,385.0,127.0,481,1242.0,37.0,247.0,1723.0,28.0,193.428571428571,284.0,221.428571428571,991.0,23.0,158.0,122.0,122.0,98717.0,108111.5,160545.0,1.1,1.2349999999999999,1.14,57923.0,7496.0,12.9413186471695,61128.0,12.3,12.1,0.0,0.0,0.0,0.0,0.0,0.0,11444131041259.902,16256276006697.518,21324520109990.27,0,0,0,0,0,1,0
2020-12-11,169.0,1628.0,1334.0,1347.0,1626.0,1674.0,1008.0,620.0,391.0,140.0,472,1209.0,30.0,199.0,1681.0,27.1428571428571,185.142857142857,229.0,212.285714285714,1019.0,21.2857142857143,154.714285714286,128.0,120.0,94096.0,106549.0,154896.0,1.12,1.24,1.16,68998.0,8508.0,12.3307921968753,57457.0,11.7,12.1,0.0,0.0,0.0,0.0,0.0,0.0,12033133658325.455,17430613861994.54,21762774519608.16,0,0,0,0,1,0,0
2020-12-10,183.0,1605.0,1287.0,1186.0,1396.0,1556.0,970.0,590.0,360.0,138.0,469,1179.0,26.0,198.0,1648.0,26.8571428571429,183.714285714286,224.0,210.571428571429,1002.0,20.5714285714286,154.571428571429,131.0,119.0,90349.0,105287.0,150410.0,1.12,1.23,1.16,70200.0,8174.0,11.6438746438746,54385.0,11.5,12.1,0.0,0.0,0.0,0.0,0.0,0.0,25291563320507.19,22276712148807.246,23204371202079.85,0,0,0,1,0,0,0
2020-12-09,161.0,1728.0,1409.0,1274.0,1471.0,1558.0,902.0,572.0,357.0,130.0,473,1211.0,36.0,194.0,1684.0,26.1428571428571,177.285714285714,230.0,203.428571428571,1025.0,22.2857142857143,160.142857142857,117.0,111.0,87522.0,104288.5,146805.0,1.12,1.2149999999999999,1.16,70847.0,7928.0,11.1903115163663,51812.0,11.5,12.1,0.0,0.0,0.0,0.0,0.0,0.0,14967144607150.96,27448762968448.395,21320566120155.125,0,0,1,0,0,0,0
2020-12-08,178.0,1677.0,1455.0,1263.0,1530.0,1520.0,955.0,557.0,361.0,126.0,464,1236.0,22.0,206.0,1700.0,24.5714285714286,169.857142857143,228.0,194.428571428571,1017.0,24.2857142857143,161.285714285714,101.0,105.0,84831.0,103077.5,143014.0,1.12,1.2149999999999999,1.16,61593.0,7234.0,11.7448411345445,49213.0,12.2,12.1,0.0,0.0,0.0,0.0,0.0,0.0,26571428518763.57,28511889380896.12,20539304648251.043,0,1,0,0,0,0,0
2020-12-07,187.0,1772.0,1366.0,1155.0,1398.0,1407.0,881.0,524.0,301.0,108.0,470,1190.0,24.0,150.0,1660.0,24.2857142857143,167.142857142857,174.0,191.428571428571,971.0,26.0,166.428571428571,93.0,100.0,82787.0,102114.0,139974.0,1.14,1.225,1.18,61315.0,7078.0,11.5436679442225,47781.0,12.9,11.8,0.0,0.0,0.0,0.0,0.0,0.0,40807715779430.66,24492050510836.65,21563268816243.637,1,0,0,0,0,0,0
2020-12-06,134.0,1453.0,1048.0,1026.0,1137.0,1198.0,688.0,410.0,242.0,69.0,469,1172.0,21.0,160.0,1641.0,23.4285714285714,164.857142857143,181.0,188.285714285714,971.0,26.7142857142857,168.857142857143,88.0,98.0,82205.0,101958.5,137726.0,1.18,1.25,1.23,37017.0,5215.0,14.0881216738255,45803.0,13.4,11.7,0.0,0.0,0.0,0.0,0.0,0.0,18156523844494.125,18264248729568.86,17756130302241.91,0,0,0,0,0,0,1
2020-12-05,128.0,1371.0,1000.0,978.0,1169.0,1224.0,713.0,424.0,222.0,90.0,472,1130.0,31.0,189.0,1602.0,23.0,158.0,220.0,181.0,988.0,27.8571428571429,177.142857142857,83.0,89.0,80605.0,101917.5,135618.0,1.21,1.255,1.26,32227.0,4484.0,13.9137989884259,43923.0,12.4,11.5,0.0,0.0,0.0,0.0,0.0,0.0,14511911908585.166,16247050030415.53,19017869817179.57,0,0,0,0,0,1,0
2020-12-04,143.0,1302.0,1048.0,895.0,1142.0,1195.0,667.0,423.0,255.0,68.0,473,1152.0,28.0,189.0,1625.0,21.2857142857143,154.714285714286,217.0,176.0,1023.0,31.5714285714286,179.857142857143,67.0,86.0,78981.0,101922.0,134117.0,1.21,1.22,1.27,47495.0,5946.0,12.5192125486893,43186.0,11.5,11.3,0.0,0.0,0.0,0.0,0.0,0.0,22124310435627.285,14575850828827.932,19102285268200.914,0,0,0,0,1,0,0
2020-12-03,121.0,1216.0,939.0,857.0,1059.0,1084.0,649.0,393.0,244.0,89.0,458,1137.0,21.0,153.0,1595.0,20.5714285714286,154.571428571429,174.0,175.142857142857,1015.0,33.2857142857143,184.0,62.0,84.0,77753.0,102461.0,132821.0,1.2,1.16,1.26,52189.0,5958.0,11.4161988158424,41671.0,10.7,11.0,0.0,0.0,0.0,0.0,0.0,0.0,12104927747034.13,18447473248522.73,18803103136194.14,0,0,0,1,0,0,0
2020-12-02,99.0,1160.0,1014.0,872.0,1043.0,1122.0,687.0,370.0,236.0,95.0,475,1131.0,25.0,142.0,1606.0,22.2857142857143,160.142857142857,167.0,182.428571428571,1006.0,33.8571428571429,188.571428571429,66.0,85.0,76666.0,103182.0,131911.0,1.19,1.1,1.24,52653.0,5607.0,10.6489658708905,40044.0,10.4,10.9,0.0,0.0,0.0,0.0,0.0,0.0,9498314303822.38,19131746059984.223,19305381850453.52,0,0,1,0,0,0,0
2020-12-01,90.0,1050.0,1070.0,888.0,1038.0,1022.0,642.0,377.0,265.0,97.0,478,1205.0,20.0,187.0,1683.0,24.2857142857143,161.285714285714,207.0,185.571428571429,984.0,32.1428571428571,194.571428571429,76.0,83.0,75129.0,103206.0,131026.0,1.19,1.0550000000000002,1.24,51570.0,5184.0,10.0523560209424,38463.0,10.8,11.0,0.0,0.0,0.0,0.0,0.0,0.0,33739177694711.69,24961874775062.688,20128408239756.59,0,1,0,0,0,0,0
2020-11-30,96.0,1161.0,1026.0,805.0,946.0,1035.0,630.0,340.0,231.0,81.0,481,1240.0,18.0,134.0,1721.0,26.0,166.428571428571,152.0,192.428571428571,956.0,33.0,199.285714285714,79.0,84.0,74018.0,103830.0,130210.0,1.2,1.025,1.25,47470.0,5008.0,10.5498209395408,37352.0,11.6,11.1,0.0,0.0,0.0,0.0,0.0,0.0,14157746181418.596,18749755565403.645,18891965610947.77,1,0,0,0,0,0,0
2020-11-29,70.0,858.0,760.0,661.0,717.0,765.0,448.0,250.0,157.0,44.0,506,1194.0,18.0,112.0,1700.0,26.7142857142857,168.857142857143,130.0,195.571428571429,956.0,33.8571428571429,202.428571428571,79.0,83.0,73778.0,104161.5,130139.0,1.22,1.02,1.28,23860.0,3077.0,12.8960603520536,36980.0,11.9,11.1,0.0,0.0,0.0,0.0,0.0,0.0,26988700449057.77,20707185342124.062,20792943012874.27,0,0,0,0,0,0,1
2020-11-28,75.0,756.0,704.0,672.0,814.0,872.0,477.0,277.0,189.0,65.0,511,1200.0,19.0,166.0,1711.0,27.8571428571429,177.142857142857,185.0,205.0,994.0,33.2857142857143,199.571428571429,84.0,89.0,73943.0,104303.0,129892.0,1.22,1.01,1.29,27063.0,3306.0,12.2159405830839,37168.0,11.3,11.0,0.0,0.0,0.0,0.0,0.0,0.0,15102820065734.56,16917911441388.06,29362145335702.93,0,0,0,0,0,1,0
2020-11-27,81.0,819.0,719.0,670.0,745.0,872.0,487.0,274.0,178.0,62.0,518,1251.0,23.0,188.0,1769.0,31.5714285714286,179.857142857143,211.0,211.428571428571,1031.0,31.4285714285714,196.428571428571,100.0,92.0,73763.0,104408.0,130081.0,1.19,0.99,1.25,36894.0,4080.0,11.0587087331273,37362.0,10.9,11.0,0.0,0.0,0.0,0.0,0.0,0.0,20030035511579.86,16970137762457.834,38472095326945.24,0,0,0,0,1,0,0
2020-11-26,64.0,797.0,691.0,639.0,706.0,741.0,428.0,291.0,170.0,76.0,524,1257.0,33.0,192.0,1781.0,33.2857142857143,184.0,225.0,217.285714285714,1040.0,31.0,189.714285714286,107.0,97.0,74545.0,105250.5,130377.0,1.13,0.96,1.19,40797.0,4431.0,10.8610927274064,37406.0,10.7,11.2,0.0,0.0,0.0,0.0,0.0,0.0,15620878746849.762,18654819022947.863,48444289181622.99,0,0,0,1,0,0,0
2020-11-25,81.0,794.0,721.0,685.0,774.0,817.0,443.0,273.0,207.0,48.0,529,1310.0,39.0,150.0,1839.0,33.8571428571429,188.571428571429,189.0,222.428571428571,1044.0,30.1428571428571,189.142857142857,112.0,100.0,75161.0,106472.0,131203.0,1.07,0.935,1.13,41590.0,4470.0,10.7477759076701,37483.0,10.6,11.3,0.0,0.0,0.0,0.0,0.0,0.0,15259499028943.877,22602722105632.64,51258798100510.016,0,0,1,0,0,0,0
2020-11-24,63.0,827.0,790.0,661.0,756.0,800.0,475.0,287.0,164.0,69.0,526,1399.0,32.0,223.0,1925.0,32.1428571428571,194.571428571429,255.0,226.714285714286,1017.0,31.4285714285714,194.571428571429,102.0,100.0,74774.0,106984.0,131638.0,1.03,0.9199999999999999,1.08,43793.0,4539.0,10.3646701527641,37618.0,10.9,11.4,0.0,0.0,0.0,0.0,0.0,0.0,25084079293049.96,46507261332270.82,53380374750788.125,0,1,0,0,0,0,0
2020-11-23,91.0,978.0,852.0,747.0,800.0,885.0,472.0,305.0,177.0,68.0,536,1432.0,23.0,151.0,1968.0,33.0,199.285714285714,174.0,232.285714285714,987.0,31.5714285714286,194.857142857143,105.0,102.0,74930.0,108585.0,132730.0,1.0,0.925,1.05,44862.0,4828.0,10.7618920244305,36974.0,11.5,11.7,0.0,0.0,0.0,0.0,0.0,0.0,27464587994904.07,64436724902731.09,54110533018678.69,1,0,0,0,0,0,0
2020-11-22,55.0,784.0,639.0,583.0,693.0,677.0,386.0,244.0,134.0,43.0,540,1393.0,26.0,170.0,1933.0,33.8571428571429,202.428571428571,196.0,236.285714285714,987.0,33.1428571428571,195.428571428571,102.0,104.0,74835.0,109226.5,133488.0,0.99,0.96,1.05,25174.0,3057.0,12.1434813696671,36282.0,12.2,12.0,0.0,0.0,0.0,0.0,0.0,0.0,86973116708858.44,85226993069204.42,56039713133001.81,0,0,0,0,0,0,1
2020-11-21,56.0,799.0,704.0,639.0,713.0,813.0,422.0,268.0,180.0,52.0,550,1352.0,45.0,185.0,1902.0,33.2857142857143,199.571428571429,230.0,232.857142857143,1025.0,35.1428571428571,195.285714285714,95.0,102.0,75046.0,109761.5,133560.0,0.98,0.995,1.04,28423.0,3486.0,12.2647151954403,35617.0,11.9,12.4,0.0,0.0,0.0,0.0,0.0,0.0,78872470004430.78,68010101225937.91,54899889897627.6,0,0,0,0,0,1,0
2020-11-20,53.0,751.0,734.0,722.0,740.0,821.0,464.0,300.0,182.0,85.0,547,1414.0,35.0,217.0,1961.0,31.4285714285714,196.428571428571,252.0,227.857142857143,1043.0,35.8571428571429,207.428571428571,88.0,95.0,75166.0,109999.0,133650.0,0.96,1.005,1.02,37206.0,4490.0,12.0679460302102,34950.0,11.6,12.7,0.0,0.0,0.0,0.0,0.0,0.0,89835392494324.06,51756123084757.88,51559747269652.734,0,0,0,0,1,0,0
2020-11-19,75.0,803.0,706.0,702.0,768.0,754.0,450.0,264.0,183.0,81.0,555,1475.0,37.0,224.0,2030.0,31.0,189.714285714286,261.0,220.714285714286,1056.0,36.0,208.857142857143,86.0,91.0,76378.0,111374.0,134123.0,0.93,1.0,0.99,41331.0,4733.0,11.4514529045995,34224.0,11.7,13.0,0.0,0.0,0.0,0.0,0.0,0.0,35322441179058.89,31876054642744.5,45138744649144.64,0,0,0,1,0,0,0
2020-11-18,53.0,847.0,828.0,737.0,846.0,893.0,458.0,285.0,237.0,74.0,559,1528.0,27.0,192.0,2087.0,30.1428571428571,189.142857142857,219.0,219.285714285714,1047.0,36.5714285714286,214.714285714286,82.0,88.0,77486.0,113364.0,135458.0,0.91,0.985,0.96,42534.0,4871.0,11.4520148587013,33346.0,12.1,13.3,0.0,0.0,0.0,0.0,0.0,0.0,30110535580890.68,33758190514780.176,45266679610382.39,0,0,1,0,0,0,0
2020-11-17,60.0,862.0,879.0,788.0,868.0,937.0,512.0,314.0,199.0,62.0,576,1570.0,38.0,256.0,2146.0,31.4285714285714,194.571428571429,294.0,226.0,1049.0,38.5714285714286,215.571428571429,81.0,90.0,77271.0,114947.5,136697.0,0.89,0.985,0.95,39287.0,4849.0,12.3425051543768,32470.0,13.3,13.7,0.0,0.0,0.0,0.0,0.0,0.0,30195187168283.93,50052796674896.25,43652187443356.95,0,1,0,0,0,0,0
2020-11-16,68.0,921.0,949.0,769.0,937.0,974.0,566.0,351.0,236.0,76.0,573,1557.0,29.0,173.0,2130.0,31.5714285714286,194.857142857143,202.0,226.428571428571,1036.0,41.4285714285714,230.714285714286,76.0,84.0,77941.0,117089.5,139229.0,0.9,0.99,0.95,40017.0,5061.0,12.6471249718869,32426.0,14.3,13.8,0.0,0.0,0.0,0.0,0.0,0.0,40968848795165.92,58484891488337.19,43091747161495.0,1,0,0,0,0,0,0
2020-11-15,56.0,781.0,807.0,727.0,779.0,789.0,437.0,262.0,189.0,54.0,586,1509.0,22.0,150.0,2095.0,33.1428571428571,195.428571428571,172.0,228.571428571429,1023.0,42.4285714285714,239.571428571429,78.0,82.0,78358.0,118781.0,140095.0,0.93,1.0,0.99,20522.0,3362.0,16.3824188675568,32578.0,15.1,13.8,0.0,0.0,0.0,0.0,0.0,0.0,78994354061238.9,59791399940204.37,41147519657942.8,0,0,0,0,0,0,1
2020-11-14,61.0,701.0,782.0,731.0,855.0,908.0,546.0,270.0,186.0,67.0,595,1530.0,32.0,163.0,2125.0,35.1428571428571,195.285714285714,195.0,230.428571428571,1052.0,45.5714285714286,252.142857142857,77.0,77.0,78754.0,120508.0,140769.0,0.97,1.005,1.02,23751.0,3625.0,15.2625152625153,32827.0,14.1,13.7,0.0,0.0,0.0,0.0,0.0,0.0,55491471608606.72,45532610555699.09,38974852188173.25,0,0,0,0,0,1,0
2020-11-13,52.0,699.0,763.0,735.0,777.0,928.0,530.0,326.0,242.0,79.0,609,1572.0,32.0,170.0,2181.0,35.8571428571429,207.428571428571,202.0,243.285714285714,1094.0,51.1428571428571,261.571428571429,70.0,79.0,78686.0,121882.0,141312.0,0.98,0.99,1.03,32127.0,4564.0,14.2061194633797,33169.0,13.8,13.7,0.0,0.0,0.0,0.0,0.0,0.0,44888374150767.47,33305150156734.406,41577995163357.88,0,0,0,0,1,0,0
2020-11-12,61.0,643.0,797.0,754.0,819.0,861.0,512.0,304.0,239.0,102.0,595,1606.0,31.0,220.0,2201.0,36.0,208.857142857143,251.0,244.857142857143,1091.0,51.7142857142857,271.571428571429,70.0,77.0,80175.0,124686.0,142573.0,0.97,0.96,1.03,35187.0,4685.0,13.3145764060591,33517.0,13.3,13.6,0.0,0.0,0.0,0.0,0.0,0.0,36217985907723.1,27099727171561.99,39760348800184.01,0,0,0,1,0,0,0
2020-11-11,65.0,713.0,952.0,812.0,869.0,992.0,576.0,328.0,264.0,89.0,606,1671.0,36.0,230.0,2277.0,36.5714285714286,214.714285714286,266.0,251.285714285714,1086.0,53.4285714285714,272.714285714286,68.0,79.0,81680.0,127361.5,145048.0,0.96,0.925,1.01,36402.0,5022.0,13.795945277732,33997.0,13.1,13.6,0.0,0.0,0.0,0.0,0.0,0.0,18809090411712.645,24146817292421.125,41932261769115.2,0,0,1,0,0,0,0
2020-11-10,66.0,712.0,932.0,752.0,825.0,917.0,547.0,350.0,204.0,62.0,598,1697.0,39.0,258.0,2295.0,38.5714285714286,215.571428571429,297.0,254.142857142857,1085.0,54.4285714285714,283.714285714286,71.0,76.0,82497.0,129857.0,147398.0,0.96,0.895,1.01,38978.0,5042.0,12.9355020780953,34516.0,13.3,13.7,0.0,0.0,0.0,0.0,0.0,0.0,26272105195250.227,39139014412800.94,54760791266346.35,0,1,0,0,0,0,0
2020-11-09,54.0,792.0,972.0,785.0,888.0,1016.0,616.0,340.0,232.0,81.0,600,1717.0,40.0,177.0,2317.0,41.4285714285714,230.714285714286,217.0,272.142857142857,1044.0,53.5714285714286,276.142857142857,77.0,84.0,83503.0,132805.0,150676.0,0.96,0.87,1.02,41080.0,5185.0,12.6217137293087,34760.0,13.9,13.9,0.0,0.0,0.0,0.0,0.0,0.0,27359256270300.496,54952803492683.93,63518700196072.84,1,0,0,0,0,0,0
2020-11-08,46.0,587.0,834.0,735.0,729.0,835.0,533.0,271.0,161.0,48.0,598,1697.0,36.0,149.0,2295.0,42.4285714285714,239.571428571429,185.0,282.0,1029.0,53.8571428571429,283.571428571429,79.0,84.0,84417.0,135386.5,153145.0,0.97,0.865,1.03,22263.0,3358.0,15.0833221039393,35348.0,14.4,14.5,0.0,0.0,0.0,0.0,0.0,0.0,63785681772852.086,56554667938767.19,64732194876607.52,0,0,0,0,0,0,1
2020-11-07,48.0,620.0,811.0,742.0,834.0,884.0,539.0,257.0,183.0,64.0,602,1782.0,37.0,248.0,2384.0,45.5714285714286,252.142857142857,285.0,297.714285714286,1068.0,49.5714285714286,277.0,92.0,91.0,85415.0,137440.5,155601.0,0.98,0.865,1.03,26145.0,3880.0,14.8403136354944,36333.0,13.8,14.9,0.0,0.0,0.0,0.0,0.0,0.0,73713472434899.2,52433232911230.336,66421588016115.06,0,0,0,0,0,1,0
2020-11-06,43.0,623.0,856.0,774.0,826.0,927.0,585.0,322.0,237.0,85.0,603,1842.0,33.0,180.0,2445.0,51.1428571428571,261.571428571429,213.0,312.714285714286,1080.0,46.1428571428571,272.714285714286,111.0,96.0,86034.0,138898.5,157730.0,0.96,0.86,1.02,34563.0,4685.0,13.5549576136331,37653.0,13.7,15.1,0.0,0.0,0.0,0.0,0.0,0.0,32164849608550.266,64065007730374.15,61561733189162.76,0,0,0,0,1,0,0
2020-11-05,52.0,595.0,907.0,751.0,773.0,916.0,558.0,277.0,236.0,94.0,607,1905.0,35.0,261.0,2512.0,51.7142857142857,271.571428571429,296.0,323.285714285714,1083.0,47.0,272.428571428571,110.0,100.0,88641.0,141211.0,160731.0,0.93,0.845,0.99,38547.0,5163.0,13.3940384465717,39077.0,14.1,15.4,0.0,0.0,0.0,0.0,0.0,0.0,51421376690241.53,82535880428635.95,62283546282733.86,0,0,0,1,0,0,0
2020-11-04,59.0,681.0,1012.0,821.0,831.0,1021.0,613.0,346.0,277.0,76.0,612,1960.0,50.0,236.0,2572.0,53.4285714285714,272.714285714286,286.0,326.142857142857,1087.0,48.2857142857143,268.0,111.0,102.0,90618.0,143444.5,164105.0,0.9,0.8300000000000001,0.95,40037.0,5675.0,14.1743886904613,40363.0,14.9,15.6,0.0,0.0,0.0,0.0,0.0,0.0,108608796892330.62,77346661209903.2,58032247449373.39,0,0,1,0,0,0,0
2020-11-03,46.0,693.0,1089.0,872.0,877.0,1016.0,612.0,349.0,288.0,75.0,609,2044.0,59.0,364.0,2653.0,54.4285714285714,283.714285714286,423.0,338.142857142857,1058.0,47.5714285714286,256.428571428571,114.0,111.0,92772.0,144920.0,166942.0,0.87,0.8300000000000001,0.92,40685.0,5938.0,14.5950596042768,41462.0,16.0,15.8,0.0,0.0,0.0,0.0,0.0,0.0,87577467703335.69,66347540162261.27,61263130551215.13,0,1,0,0,0,0,0
2020-11-02,55.0,741.0,1131.0,929.0,935.0,1065.0,667.0,413.0,322.0,93.0,587,1958.0,47.0,239.0,2545.0,53.5714285714286,276.142857142857,286.0,329.714285714286,1002.0,47.8571428571429,248.0,112.0,111.0,95218.0,146560.0,170392.0,0.85,0.8300000000000001,0.89,45195.0,7182.0,15.8911384002655,42454.0,16.7,16.2,0.0,0.0,0.0,0.0,0.0,0.0,35853719034043.27,50386547143227.055,55850110633773.29,1,0,0,0,0,0,0
2020-11-01,47.0,729.0,1086.0,881.0,951.0,1106.0,654.0,373.0,235.0,85.0,583,1910.0,58.0,237.0,2493.0,53.8571428571429,283.571428571429,295.0,337.428571428571,1029.0,46.2857142857143,232.714285714286,116.0,122.0,97260.0,148280.5,173513.0,0.84,0.85,0.89,29157.0,5249.0,18.0025379840176,42700.0,16.6,16.6,0.0,0.0,0.0,0.0,0.0,0.0,75611433749404.83,50841154553061.98,55341374342338.445,0,0,0,0,0,0,1
2020-10-31,45.0,707.0,1073.0,959.0,1013.0,1211.0,640.0,395.0,247.0,83.0,584,1864.0,76.0,314.0,2448.0,49.5714285714286,277.0,390.0,326.571428571429,1036.0,46.2857142857143,234.857142857143,107.0,118.0,98893.0,149867.0,175988.0,0.84,0.87,0.89,35389.0,5878.0,16.6096809743141,43881.0,15.7,16.8,0.0,0.0,0.0,0.0,0.0,0.0,39694488646233.05,32858104922166.45,52091390411544.52,0,0,0,0,0,1,0
2020-10-30,52.0,742.0,1164.0,966.0,1034.0,1270.0,729.0,411.0,314.0,84.0,567,1818.0,37.0,250.0,2385.0,46.1428571428571,272.714285714286,287.0,318.857142857143,1014.0,44.8571428571429,225.142857142857,103.0,121.0,99831.0,151391.5,177966.0,0.84,0.89,0.88,44526.0,6928.0,15.5594484121637,44692.0,15.4,17.4,0.0,0.0,0.0,0.0,0.0,0.0,37217541263548.05,63368268241829.71,51840023541891.56,0,0,0,0,1,0,0
