,Date_measurement,RNA_flow_per_100000,RNA_per_ml,Measurement_count,RNA_per_100000_per_measurement,pandas_SMA_3,pandas_SMA_7
0,2020-03-30,0.0,1837.0,0,,,
1,2020-03-31,0.0,6890.0,0,,,
2,2020-04-01,0.0,12697.0,0,,,
3,2020-04-02,0.0,7193.0,0,,,
4,2020-04-05,0.0,11030.0,0,,,
5,2020-04-06,0.0,3446.0,0,,,
6,2020-04-07,0.0,9258.0,0,,,
7,2020-04-08,0.0,16993.0,0,,,
8,2020-04-09,0.0,2733.0,0,,,
9,2020-04-10,0.0,892.0,0,,,
10,2020-04-13,0.0,8644.0,0,,,
11,2020-04-14,0.0,1699.0,0,,,
12,2020-04-15,0.0,5127.0,0,,,
13,2020-04-16,0.0,2169.0,0,,,
14,2020-04-17,0.0,32.0,0,,,
15,2020-04-19,0.0,605.0,0,,,
16,2020-04-20,0.0,748.0,0,,,
17,2020-04-21,0.0,2863.0,0,,,
18,2020-04-22,0.0,8212.0,0,,,
19,2020-04-23,0.0,12456.0,0,,,
20,2020-04-26,0.0,135.0,0,,,
21,2020-04-27,0.0,2392.0,0,,,
22,2020-04-28,0.0,2408.0,0,,,
23,2020-04-29,0.0,3235.0,0,,,
24,2020-04-30,0.0,530.0,0,,,
25,2020-05-01,0.0,57.0,0,,,
26,2020-05-03,0.0,822.0,0,,,
27,2020-05-05,0.0,3253.0,0,,,
28,2020-05-06,0.0,3578.0,0,,,
29,2020-05-07,0.0,318.0,0,,,
30,2020-05-09,0.0,222.0,0,,,
31,2020-05-10,0.0,757.0,0,,,
32,2020-05-11,0.0,1812.0,0,,,
33,2020-05-12,0.0,435.0,0,,,
34,2020-05-13,0.0,1353.0,0,,,
35,2020-05-15,0.0,265.0,0,,,
36,2020-05-16,0.0,52.0,0,,,
37,2020-05-17,0.0,1569.0,0,,,
38,2020-05-18,0.0,211.0,0,,,
39,2020-05-19,0.0,777.0,0,,,
40,2020-05-20,0.0,68.0,0,,,
41,2020-05-21,0.0,3927.0,0,,,
42,2020-05-22,0.0,108.0,0,,,
43,2020-05-23,0.0,63.0,0,,,
44,2020-05-24,0.0,662.0,0,,,
45,2020-05-25,0.0,1079.0,0,,,
46,2020-05-26,0.0,535.0,0,,,
47,2020-05-27,0.0,2907.0,0,,,
48,2020-05-28,0.0,149.0,0,,,
49,2020-05-29,0.0,106.0,0,,,
50,2020-06-01,0.0,437.0,0,,,
51,2020-06-02,0.0,893.0,0,,,
52,2020-06-03,0.0,2232.0,0,,,
53,2020-06-04,0.0,442.0,0,,,
54,2020-06-05,0.0,109.0,0,,,
55,2020-06-06,0.0,19.0,0,,,
56,2020-06-07,0.0,91.0,0,,,
57,2020-06-08,0.0,485.0,0,,,
58,2020-06-09,0.0,471.0,0,,,
59,2020-06-10,0.0,951.0,0,,,
60,2020-06-11,0.0,970.0,0,,,
61,2020-06-12,0.0,0.0,0,,,
62,2020-06-14,0.0,369.0,0,,,
63,2020-06-15,0.0,312.0,0,,,
64,2020-06-16,0.0,437.0,0,,,
65,2020-06-17,0.0,250.0,0,,,
66,2020-06-18,0.0,0.0,0,,,
67,2020-06-19,0.0,0.0,0,,,
68,2020-06-21,0.0,474.0,0,,,
69,2020-06-22,0.0,80.0,0,,,
70,2020-06-23,0.0,288.0,0,,,
71,2020-06-24,0.0,0.0,0,,,
72,2020-06-27,0.0,142.0,0,,,
73,2020-06-28,0.0,353.0,0,,,
74,2020-06-29,0.0,175.0,0,,,
75,2020-06-30,0.0,23.0,0,,,
76,2020-07-01,0.0,0.0,0,,,
77,2020-07-02,0.0,172.0,0,,,
78,2020-07-05,0.0,0.0,0,,,
79,2020-07-06,0.0,174.0,0,,,
80,2020-07-07,0.0,138.0,0,,,
81,2020-07-08,0.0,256.0,0,,,
82,2020-07-09,0.0,0.0,0,,,
83,2020-07-10,0.0,0.0,0,,,
84,2020-07-11,0.0,0.0,0,,,
85,2020-07-12,0.0,0.0,0,,,
86,2020-07-13,0.0,619.0,0,,,
87,2020-07-14,0.0,98.0,0,,,
88,2020-07-15,0.0,0.0,0,,,
89,2020-07-16,0.0,260.0,0,,,
90,2020-07-17,0.0,0.0,0,,,
91,2020-07-18,0.0,353.0,0,,,
92,2020-07-19,0.0,527.0,0,,,
93,2020-07-20,0.0,1238.0,0,,,
94,2020-07-21,0.0,4652.0,0,,,
95,2020-07-22,0.0,685.0,0,,,
96,2020-07-23,0.0,1481.0,0,,,
97,2020-07-24,0.0,349.0,0,,,
98,2020-07-25,0.0,376.0,0,,,
99,2020-07-26,0.0,2187.0,0,,,
100,2020-07-27,0.0,4924.0,0,,,
101,2020-07-28,0.0,2400.0,0,,,
102,2020-07-29,0.0,3922.0,0,,,
103,2020-07-30,0.0,820.0,0,,,
104,2020-07-31,0.0,197.0,0,,,
105,2020-08-01,0.0,2313.0,0,,,
106,2020-08-02,0.0,9609.0,0,,,
107,2020-08-03,0.0,6233.0,0,,,
108,2020-08-04,0.0,2175.0,0,,,
109,2020-08-05,0.0,1432.0,0,,,
110,2020-08-06,0.0,368.0,0,,,
111,2020-08-07,0.0,835.0,0,,,
112,2020-08-08,0.0,0.0,0,,,
113,2020-08-09,0.0,1327.0,0,,,
114,2020-08-10,0.0,4268.0,0,,,
115,2020-08-11,0.0,6932.0,0,,,
116,2020-08-12,0.0,1528.0,0,,,
117,2020-08-13,0.0,3668.0,0,,,
118,2020-08-14,0.0,651.0,0,,,
119,2020-08-15,0.0,850.0,0,,,
120,2020-08-16,0.0,2699.0,0,,,
121,2020-08-17,0.0,1599.0,0,,,
122,2020-08-18,0.0,3346.0,0,,,
123,2020-08-19,0.0,3077.0,0,,,
124,2020-08-20,0.0,800.0,0,,,
125,2020-08-21,0.0,1126.0,0,,,
126,2020-08-22,0.0,440.0,0,,,
127,2020-08-23,0.0,3250.0,0,,,
128,2020-08-24,0.0,1543.0,0,,,
129,2020-08-25,0.0,3152.0,0,,,
130,2020-08-26,0.0,1581.0,0,,,
131,2020-08-27,0.0,118.0,0,,,
132,2020-08-28,0.0,979.0,0,,,
133,2020-08-29,0.0,915.0,0,,,
134,2020-08-30,0.0,615.0,0,,,
135,2020-08-31,0.0,2427.0,0,,,
136,2020-09-01,0.0,2234.0,0,,,
137,2020-09-02,0.0,1530.0,0,,,
138,2020-09-03,0.0,777.0,0,,,
139,2020-09-04,0.0,2647.0,0,,,
140,2020-09-05,0.0,2421.0,0,,,
141,2020-09-06,0.0,22473.0,0,,,
142,2020-09-07,263737355682200.0,0.0,56,4709595637182.143,,
143,2020-09-08,269847937213944.0,0.0,70,3854970531627.7715,,
144,2020-09-09,262588957728744.0,0.0,47,5586999100611.574,4717188423140.496,
145,2020-09-10,131706661579147.0,0.0,18,7317036754397.056,5586335462212.134,
146,2020-09-11,64267034044380.0,0.0,14,4590502431741.429,5831512762250.02,
147,2020-09-12,66076148671643.0,0.0,17,3886832274802.5293,5264790486980.338,
148,2020-09-13,151835637254438.0,0.0,33,4601079916801.151,4359471541115.0366,4935288092451.95
149,2020-09-14,507564938049752.0,0.0,49,10358468123464.326,6282126771689.336,5742269876206.548
150,2020-09-15,283100892562192.0,0.0,74,3825687737326.919,6261745259197.465,5738086619877.8545
151,2020-09-16,613460044888626.0,0.0,82,7481220059617.391,7221791973469.544,6008689614021.544
152,2020-09-17,202794233635287.0,0.0,25,8111769345411.48,6472892380785.263,6122222841309.318
153,2020-09-18,209884893962909.0,0.0,28,7495889070103.893,7696292825044.255,6537278075361.099
154,2020-09-19,143497760073997.0,0.0,24,5979073336416.542,7195577250643.972,6836169655591.672
155,2020-09-20,241868741037919.0,0.0,21,11517559097043.762,8330840501188.065,7824238109912.045
156,2020-09-21,328560670109629.0,0.0,55,5973830365629.618,7823487599696.641,7197861287364.229
157,2020-09-22,1128788522852554.0,0.0,96,11758213779714.104,9749867747462.494,8331079293419.54
158,2020-09-23,733933076272996.0,0.0,78,9409398413756.36,9047147519700.025,8606533344010.821
159,2020-09-24,463353010158489.0,0.0,41,11301292930694.854,10822968374721.771,9062179570479.877
160,2020-09-25,135219990785284.0,0.0,22,6146363217512.909,8952351520654.707,8869390162966.879
161,2020-09-26,491614101467084.0,0.0,25,19664564058683.36,12370740068963.709,10824460266147.854
162,2020-09-27,1059853218192125.0,0.0,43,24647749260281.977,16819558845492.75,12700201718039.027
163,2020-09-28,1241504332386751.0,0.0,56,22169720221191.98,22160677846719.105,15013900268833.646
164,2020-09-29,1484939254817660.0,0.0,82,18109015302654.39,21642161594709.45,15921157629253.69
165,2020-09-30,800795538658708.0,0.0,55,14559918884703.781,18279551469516.72,16656946267960.465
166,2020-10-01,768790941096680.0,0.0,27,28473738559136.297,20380890915498.156,19110152786309.242
167,2020-10-02,569061831728207.0,0.0,26,21886993528007.96,21640216990616.01,21358814259237.105
168,2020-10-03,734407315728337.0,0.0,25,29376292629133.48,26579008238759.246,22746204055015.695
169,2020-10-04,1115730786552380.0,0.0,51,21877074246125.098,24380120134422.176,22350393338707.57
170,2020-10-05,2165756722828330.0,0.0,56,38674227193363.04,29975864689540.543,24708180049017.723
171,2020-10-06,2320714625929067.0,0.0,66,35162342817107.074,31904548085531.734,27144369693939.53
172,2020-10-07,2669672096077806.0,0.0,60,44494534934630.1,39443701648366.74,31420743415357.574
173,2020-10-08,2278841917291821.0,0.0,53,42997017307392.85,40884631686376.68,33495497522251.37
174,2020-10-09,872532321286868.0,0.0,20,43626616064343.4,43706056102122.12,36601157884585.01
175,2020-10-10,2062079405176863.0,0.0,29,71106186385409.06,52576606585715.1,42562571278338.664
176,2020-10-11,2584036225618534.0,0.0,36,71778784044959.28,62170528831570.586,49691386963886.4
177,2020-10-12,2264725518418899.0,0.0,100,22647255184188.99,55177408538185.78,47401819534004.39
178,2020-10-13,1377620093325701.0,0.0,56,24600358809387.52,39675466012845.26,45892964675758.74
179,2020-10-14,1655738820099859.0,0.0,51,32465467060781.55,26571027018119.355,44174526408066.086
180,2020-10-15,1211367760642941.0,0.0,51,23752309032214.53,26939378300794.535,41425282368754.9
181,2020-10-16,1946904783373252.0,0.0,33,58997114647674.305,38404963580223.46,43621067880659.32
182,2020-10-17,606958728938597.0,0.0,16,37934920558662.31,40228114746183.72,38882315619695.5
183,2020-10-18,3383138958966228.0,0.0,64,52861546233847.31,49931193813394.65,36179853075250.93
184,2020-10-19,2777160589483949.0,0.0,86,32292564993999.406,41029677262169.68,37557754476652.42
185,2020-10-20,2335257429218410.0,0.0,47,49686328281242.766,44946813169696.49,41141464401203.17
186,2020-10-21,7086148844682031.0,0.0,54,131224978605222.8,71067957293488.33,55249966050409.06
187,2020-10-22,1061451957979194.0,0.0,49,21662284856718.246,67524530581061.27,54951391168195.31
188,2020-10-23,781568366534509.0,0.0,21,37217541263548.05,63368268241829.71,51840023541891.555
189,2020-10-24,833584261570894.0,0.0,21,39694488646233.05,32858104922166.45,52091390411544.516
190,2020-10-25,3478125952472622.0,0.0,46,75611433749404.83,50841154553061.98,55341374342338.445
191,2020-10-26,2868297522723462.0,0.0,80,35853719034043.27,50386547143227.055,55850110633773.29
192,2020-10-27,6042845271530162.0,0.0,69,87577467703335.69,66347540162261.27,61263130551215.13
193,2020-10-28,7494006985570813.0,0.0,69,108608796892330.62,77346661209903.2,58032247449373.39
194,2020-10-29,2622490211202318.0,0.0,51,51421376690241.53,82535880428635.95,62283546282733.86
195,2020-10-30,482472744128254.0,0.0,15,32164849608550.266,64065007730374.15,61561733189162.76
196,2020-10-31,1105702086523488.0,0.0,15,73713472434899.2,52433232911230.336,66421588016115.06
197,2020-11-01,2870355679778344.0,0.0,45,63785681772852.086,56554667938767.19,64732194876607.52
198,2020-11-02,2653847858219148.0,0.0,97,27359256270300.496,54952803492683.93,63518700196072.836
199,2020-11-03,1392421575348262.0,0.0,53,26272105195250.227,39139014412800.94,54760791266346.35
200,2020-11-04,902836339762207.0,0.0,48,18809090411712.645,24146817292421.125,41932261769115.2
201,2020-11-05,2499041027632894.0,0.0,69,36217985907723.1,27099727171561.99,39760348800184.01
202,2020-11-06,763102360563047.0,0.0,17,44888374150767.47,33305150156734.406,41577995163357.88
203,2020-11-07,1387286790215168.0,0.0,25,55491471608606.72,45532610555699.09,38974852188173.25
204,2020-11-08,2685808038082123.0,0.0,34,78994354061238.9,59791399940204.37,41147519657942.8
205,2020-11-09,4219791425902090.0,0.0,103,40968848795165.92,58484891488337.19,43091747161495.0
206,2020-11-10,1721125668592184.0,0.0,57,30195187168283.93,50052796674896.25,43652187443356.95
207,2020-11-11,2438953382052145.0,0.0,81,30110535580890.68,33758190514780.176,45266679610382.39
208,2020-11-12,1942734264848239.0,0.0,55,35322441179058.89,31876054642744.5,45138744649144.64
209,2020-11-13,1437366279909185.0,0.0,16,89835392494324.06,51756123084757.875,51559747269652.734
210,2020-11-14,1419704460079754.0,0.0,18,78872470004430.78,68010101225937.91,54899889897627.6
211,2020-11-15,7044822453417533.0,0.0,81,86973116708858.44,85226993069204.42,56039713133001.81
212,2020-11-16,2334489979566846.0,0.0,85,27464587994904.07,64436724902731.09,54110533018678.69
213,2020-11-17,1304372123238598.0,0.0,52,25084079293049.96,46507261332270.82,53380374750788.125
214,2020-11-18,1220759922315510.0,0.0,80,15259499028943.875,22602722105632.637,51258798100510.016
215,2020-11-19,656076907367690.0,0.0,42,15620878746849.762,18654819022947.863,48444289181622.99
216,2020-11-20,721081278416875.0,0.0,36,20030035511579.86,16970137762457.834,38472095326945.24
217,2020-11-21,619215622695117.0,0.0,41,15102820065734.56,16917911441388.06,29362145335702.93
218,2020-11-22,1052559317513253.0,0.0,39,26988700449057.77,20707185342124.062,20792943012874.27
219,2020-11-23,1642298557044557.0,0.0,116,14157746181418.596,18749755565403.645,18891965610947.77
220,2020-11-24,1956872306293278.0,0.0,58,33739177694711.69,24961874775062.688,20128408239756.59
221,2020-11-25,778861772913435.0,0.0,82,9498314303822.379,19131746059984.223,19305381850453.52
222,2020-11-26,1113653352727140.0,0.0,92,12104927747034.13,18447473248522.734,18803103136194.14
223,2020-11-27,464610519148173.0,0.0,21,22124310435627.285,14575850828827.932,19102285268200.914
224,2020-11-28,261214414354533.0,0.0,18,14511911908585.166,16247050030415.53,19017869817179.574
225,2020-11-29,1579617574470989.0,0.0,87,18156523844494.125,18264248729568.86,17756130302241.91
226,2020-11-30,3550271272810467.0,0.0,87,40807715779430.66,24492050510836.652,21563268816243.633
227,2020-12-01,2045999995944795.0,0.0,77,26571428518763.57,28511889380896.12,20539304648251.043
228,2020-12-02,1541615894536549.0,0.0,103,14967144607150.96,27448762968448.395,21320566120155.125
229,2020-12-03,2402698515448183.0,0.0,95,25291563320507.19,22276712148807.246,23204371202079.85
230,2020-12-04,529457880966320.0,0.0,44,12033133658325.455,17430613861994.54,21762774519608.16
231,2020-12-05,354768062279057.0,0.0,31,11444131041259.902,16256276006697.518,21324520109990.27
232,2020-12-06,1244604289848563.0,0.0,56,22225076604438.625,15234113768007.994,21905741932839.48
233,2020-12-07,1588401249088597.0,0.0,87,18257485621708.01,17308897755802.182,18684280481736.246
234,2020-12-08,1445070546614521.0,0.0,96,15052818193901.26,18511793473349.3,17038764721041.629
235,2020-12-09,2484067103437621.0,0.0,90,27600745593751.344,20303683136453.54,18843564861984.54
236,2020-12-10,1726408414544392.0,0.0,92,18765308853743.39,20472957547132.0,17911242795304.0
237,2020-12-11,831484776791170.0,0.0,34,24455434611505.0,23607163019666.58,19685857217186.79
238,2020-12-12,791595411424099.0,0.0,26,30445977362465.348,24555573609237.91,22400406691644.71
239,2020-12-13,2269162537396890.0,0.0,74,30664358613471.49,28521923529147.28,23606018407220.836
240,2020-12-14,5450246715462517.0,0.0,112,48662917102343.9,36591084359426.914,27949651475883.105
241,2020-12-15,2748311064324641.0,0.0,67,41019568124248.375,40115614613354.586,31659187180218.406
242,2020-12-16,2542500673521623.0,0.0,73,34828776349611.273,41503753858734.52,32691763002484.105
243,2020-12-17,2573193120837991.0,0.0,96,26804095008729.074,34217479827529.574,33840161024624.926
244,2020-12-18,986898855305339.0,0.0,32,30840589228291.844,30824486862210.73,34752325969880.188
245,2020-12-19,531870110460119.0,0.0,25,21274804418404.76,26306496218475.23,33442158406442.96
246,2020-12-20,2484026646778844.0,0.0,94,26425815391264.297,26180403012653.637,32836652231841.934
247,2020-12-21,8632291514418297.0,0.0,129,66916988483862.766,38205869431177.27,35444376714916.055
248,2020-12-22,2786654808221347.0,0.0,69,40386301568425.32,44576368481184.13,35353910064084.19
249,2020-12-23,9416475548316046.0,0.0,158,59597946508329.41,55633745520205.836,38892362943901.07
250,2020-12-24,21097854881316.0,0.0,2,10548927440658.0,36844391839137.57,36570196148462.336
251,2020-12-25,250418614727853.0,0.0,6,41736435787975.5,37294436578987.63,38126745656988.58
252,2020-12-26,331553830920889.0,0.0,14,23682416494349.215,25322593240994.24,38470690239266.36
253,2020-12-27,5670724966210349.0,0.0,133,42637029821130.445,36018627367818.38,40786578014961.516
254,2020-12-28,1568099537786376.0,0.0,96,16334370185274.75,27551272166918.137,33560489686591.805
255,2020-12-29,4213641467923044.0,0.0,129,32663887348240.652,30545095784881.95,32457287655136.85
256,2020-12-30,634225849669582.0,0.0,42,15100615468323.38,21366291000612.926,26100526077993.137
257,2021-01-01,195070717910666.0,0.0,12,16255893159222.166,21340131991928.734,26915806894930.87
258,2021-01-02,555569584900596.0,0.0,27,20576651292614.668,17311053306720.072,23892980538450.754
259,2021-01-03,1225590697488074.0,0.0,60,20426511624801.234,19086352025546.02,23427851271372.473
260,2021-01-04,3657359292403883.0,0.0,123,29734628393527.504,23579263770314.47,21584651067429.19
261,2021-01-05,1450167965814145.0,0.0,60,24169466096902.418,24776868705077.05,22703950483376.004
262,2021-01-06,1543975090820473.0,0.0,73,21150343709869.492,25018146066766.47,21059158535037.27
263,2021-01-07,4717181776244408.0,0.0,91,51837162376312.18,32385657394361.363,26307236664749.95
264,2021-01-08,665913663020230.0,0.0,26,25612063962316.54,32866523349499.406,27643832493763.438
265,2021-01-09,277895535429676.0,0.0,14,19849681102119.715,32432969146916.145,27539979609407.008
266,2021-01-10,2085944638666959.0,0.0,94,22190900411350.63,22550881825262.293,27792035150342.645
267,2021-01-11,5563840732521923.0,0.0,118,47151192648490.875,29730591387320.406,30280115758194.555
268,2021-01-12,1942429898505253.0,0.0,40,48560747462631.33,39300946840824.27,33764584524727.25
269,2021-01-13,3296387254828714.0,0.0,92,35830296248138.195,43847412119753.47,35861720601622.77
270,2021-01-14,2068576463933327.0,0.0,90,22984182932592.523,35791742214454.016,31739866395377.117
271,2021-01-15,621731629241590.0,0.0,18,34540646068977.223,31118375083235.98,33015378124900.066
272,2021-01-16,852907214178628.0,0.0,24,35537800590776.164,31020876530781.97,35256538051850.99
273,2021-01-17,5517313566623934.0,0.0,107,51563678192747.05,40547374950833.48,39452649163479.055
274,2021-01-18,2459859541016852.0,0.0,82,29998287085571.367,39033255289698.195,37002234083061.984
275,2021-01-19,4073525400974183.0,0.0,65,62669621553448.97,48077195610589.125,39017787524607.36
276,2021-01-20,3175133089663571.0,0.0,91,34891572413885.395,42519827017635.24,38883684119714.1
277,2021-01-21,3429455707678892.0,0.0,91,37686326458009.805,45082506808448.055,40983990337630.86
278,2021-01-22,1670002976234646.0,0.0,48,34791728671555.125,35789875847816.77,41019859280856.266
279,2021-01-23,934463214482680.0,0.0,31,30143974660731.613,34207343263432.176,40249312719421.33
280,2021-01-24,2239189713809670.0,0.0,72,31099857136245.418,32011853489510.72,37325909711349.67
281,2021-01-25,4933520319935005.0,0.0,132,37375153938901.555,32872995245292.863,38379747833253.984
282,2021-01-26,1554175621869651.0,0.0,46,33786426562383.72,34087145879176.895,34253577120244.66
283,2021-01-27,3762120971627632.0,0.0,107,35160009080632.074,35440529860639.12,34291925215494.188
284,2021-01-28,4086268500430090.0,0.0,107,38189425237664.39,35711953626893.4,34363796469730.555
285,2021-01-29,843623829616384.0,0.0,8,105452978702048.0,59600804340114.82,44458260759800.96
286,2021-01-30,380871151340629.0,0.0,13,29297780872356.08,57646728270689.5,44337375932890.18
287,2021-01-31,1937847358719100.0,0.0,93,20837068373323.656,51862609315909.25,42871263252472.79
288,2021-02-01,3157394202704118.0,0.0,141,22392866685844.81,24175905310508.184,40730936502036.1
289,2021-02-02,3030622485249545.0,0.0,74,40954357908777.63,28061430989315.363,41754926694378.086
290,2021-02-03,2894411416257703.0,0.0,98,29534810369976.562,30960678321533.0,40951326878570.164
291,2021-02-04,2590954621301564.0,0.0,112,23133523404478.25,31207563894410.812,38800483759543.57
292,2021-02-05,436682547728454.0,0.0,34,12843604344954.53,21837312706469.78,25570573137101.65
293,2021-02-06,766682645472726.0,0.0,20,38334132273636.3,24770420007689.69,26861480480141.68
294,2021-02-07,846838902746811.0,0.0,83,10202878346347.121,20460204988312.652,25342310476287.883
295,2021-02-08,2387572235404213.0,0.0,115,20761497699167.07,23099502773050.16,25109257763905.35
296,2021-02-09,3167604021827007.0,0.0,70,45251486026100.1,25405287357204.766,25723133209237.133
297,2021-02-10,1606877639572631.0,0.0,89,18054804939018.324,28022596221428.5,24083132433385.957
298,2021-02-11,3378076760160170.0,0.0,124,27242554517420.727,30182948494179.72,24670136878092.027
299,2021-02-12,683630530421689.0,0.0,26,26293481939295.73,23863613798578.26,26591547962997.91
300,2021-02-13,411121999448932.0,0.0,21,19577238068996.76,24371091508571.074,23911991648049.402
301,2021-02-14,2494450864407263.0,0.0,93,26822052305454.44,24230924104582.312,26286159356493.312
302,2021-02-15,5862650569920377.0,0.0,113,51881863450622.805,32760384608358.0,30731925892415.555
303,2021-02-16,2819322503000493.0,0.0,83,33967741000005.94,37557218918694.4,29119962317259.246
304,2021-02-17,2895205787274084.0,0.0,85,34061244556165.695,39970283002264.81,31406596548280.305
305,2021-02-18,4226196027179289.0,0.0,125,33809568217434.312,33946184591201.984,32344741362567.957
306,2021-02-19,1284871957187369.0,0.0,37,34726269113172.137,34199027295590.72,33549425244550.3
307,2021-02-20,1159036774417201.0,0.0,35,33115336411920.027,33883724580842.156,35483439293539.336
308,2021-02-21,5363245071677865.0,0.0,103,52070340501726.84,39970648675606.336,39090337607292.54
309,2021-02-22,3655349867748450.0,0.0,112,32637052390611.16,39274243101419.34,36341078884433.734
310,2021-02-23,2120661114425404.0,0.0,83,25550133908739.81,36752508933692.6,35138563585681.43
311,2021-02-24,2078508094823296.0,0.0,124,16762162055026.58,24983116118125.848,32667266085518.695
312,2021-02-25,1400989356817706.0,0.0,118,11872791159472.084,18061695707746.16,29533440791524.09
313,2021-02-26,335030442489229.0,0.0,22,15228656476783.137,14621203230427.266,26748067557754.24
314,2021-02-27,1599057840377072.0,0.0,38,42080469483607.16,23060639039954.125,28028800853709.535
315,2021-02-28,1461628076778225.0,0.0,110,13287527970711.137,23532217977033.81,22488399063564.438
316,2021-03-01,1539567088358696.0,0.0,113,13624487507599.08,22997494987305.79,19772318365991.285
317,2021-03-02,1232046482824576.0,0.0,66,18667370951887.516,15193128810065.908,18789066515012.383
318,2021-03-03,1679428010784117.0,0.0,110,15267527370764.7,15853128610083.764,18575547274403.543
319,2021-03-04,2163115191315486.0,0.0,99,21849648397126.12,18594848906592.777,20000812594068.406
320,2021-03-05,749594984374528.0,0.0,38,19726183799329.684,18947786522406.832,20643316497289.344
321,2021-03-06,1101654878999523.0,0.0,44,25037610886352.797,22204481027602.863,18208622411967.29
322,2021-03-07,2444086874867801.0,0.0,100,24440868748678.01,23068221144786.83,19801956808819.7
323,2021-03-08,3610243488491175.0,0.0,142,25424249918951.938,24967576517994.246,21487637153298.68
324,2021-03-09,1450739057899365.0,0.0,81,17910358739498.332,22591825802376.09,21379492551528.8
325,2021-03-10,1700238481268213.0,0.0,94,18087643417746.945,20474084025399.07,21782366272526.258
326,2021-03-11,2851767968068321.0,0.0,118,24167525153121.363,20055175770122.215,22113491523382.723
327,2021-03-12,542461041229405.0,0.0,25,21698441649176.2,21317870073348.168,22395242644789.37
328,2021-03-13,417154659753926.0,0.0,18,23175258875218.11,23013741892505.223,22129192357484.414
329,2021-03-14,1633147962088190.0,0.0,93,17560730775141.828,20811477099845.38,21146315504122.1
330,2021-03-15,2102349624323742.0,0.0,143,14701745624641.553,18479245091667.164,19614529176363.477
331,2021-03-16,1752314308681239.0,0.0,64,27379911073144.36,19880795824309.246,20967322366884.34
332,2021-03-17,1464736402445439.0,0.0,113,12962269048189.727,18347975248658.547,20235126028376.16
333,2021-03-18,2476097930456930.0,0.0,133,18617277672608.496,19653152597980.86,19442233531160.04
334,2021-03-19,298280866823507.0,0.0,17,17545933342559.234,16375160021119.15,18849018058786.184
335,2021-03-20,631939642304478.0,0.0,41,15413162007426.293,17192124340864.672,17740147077673.07
336,2021-03-21,5457716240741100.0,0.0,103,52987536317874.76,28648877222620.094,22801119298063.49
337,2021-03-22,2972072450688217.0,0.0,126,23587876592763.63,30662858306021.56,24070566579223.78
338,2021-03-23,2360679205494766.0,0.0,99,23845244499947.133,33473552470195.17,23565614211624.184
339,2021-03-24,3151896146559896.0,0.0,119,26486522239999.125,24639881110903.297,25497650381882.668
340,2021-03-25,2140597535630308.0,0.0,113,18943341023277.062,23091702587741.11,25544230860549.605
341,2021-03-26,1112277474044461.0,0.0,33,33705378001347.305,26378413754874.496,27852722954662.184
342,2021-03-27,732473104596675.0,0.0,35,20927802988476.43,24525507337700.266,28640528809097.918
343,2021-03-28,2522129489648218.0,0.0,94,26831164783491.68,27154781924438.47,24903904304186.055
344,2021-03-29,2829391677520116.0,0.0,127,22278674626142.645,23345880799370.254,24716875451811.625
345,2021-03-30,2301457064183877.0,0.0,101,22786703605780.96,23965514338471.76,24565655324073.598
346,2021-03-31,1796358040965232.0,0.0,102,17611353342796.39,20892243858239.996,23297774053044.637
347,2021-04-01,3353560041110045.0,0.0,137,24478540446058.723,21625532464878.69,24088516827727.73
348,2021-04-02,730249619586696.0,0.0,31,23556439341506.324,21882111043453.812,22638668447750.45
349,2021-04-03,368462299394321.0,0.0,18,20470127744128.945,22835035843897.996,22573286269986.527
350,2021-04-04,474562850793365.0,0.0,25,18982514031734.6,21003027039123.29,21452050448306.94
351,2021-04-05,4012271157442320.0,0.0,157,25555867244855.543,21669503006906.363,21920220822408.785
352,2021-04-06,2525760991976435.0,0.0,76,33233697262847.83,25924026179812.656,23412648487704.05
353,2021-04-07,2771848737361523.0,0.0,84,32998199254303.844,30595921254002.406,25610769332205.117
354,2021-04-08,1868366559504525.0,0.0,117,15968944953030.129,27400280490060.598,24395112833201.03
355,2021-04-09,563107432401924.0,0.0,22,25595792381905.637,24854312196413.203,24686448981829.504
356,2021-04-10,1710250652275291.0,0.0,35,48864304350722.6,30143013895219.453,28742759925628.598
357,2021-04-11,2474988640680820.0,0.0,103,24029015928940.0,32829704220522.746,29463688768086.51
358,2021-04-12,2606658392568664.0,0.0,127,20524869232824.125,31139396504162.24,28744974766367.74
359,2021-04-13,2377453411058750.0,0.0,87,27327050701824.71,23960311954529.613,27901168114793.008
360,2021-04-14,1792488914680903.0,0.0,109,16444852428265.166,21432257454304.668,25536404282501.77
361,2021-04-15,1605693483430575.0,0.0,86,18670854458495.06,20814252529528.312,25922391354711.043
362,2021-04-16,587472986281616.0,0.0,30,19582432876053.867,18232713254271.363,25063339996732.22
363,2021-04-17,1179947875540778.0,0.0,28,42140995555027.79,26798094296525.574,24102867311632.96
364,2021-04-18,2774396699008843.0,0.0,92,30156485858791.773,30626638096624.48,24978220158754.645
365,2021-04-19,3164012525820498.0,0.0,137,23094981940295.605,31797487784705.05,25345379116964.85
366,2021-04-20,2052359108140576.0,0.0,86,23864640792332.277,25705369530473.22,24850749129894.504
367,2021-04-21,1110082758658789.0,0.0,65,17078196287058.293,21345939673228.723,24941226824007.81
368,2021-04-22,1573335061457549.0,0.0,95,16561421699553.146,19168086259647.902,24639879287016.105
369,2021-04-23,718597127526437.0,0.0,29,24779211294015.07,19472943093542.168,25382276203867.707
370,2021-04-24,798173342914635.0,0.0,28,28506190818379.82,23282274603982.68,23434446955775.145
371,2021-04-25,3179612861182219.0,0.0,120,26496773843185.16,26594058651860.016,22911630953545.625
372,2021-04-26,1418146935789401.0,0.0,41,34588949653400.023,29863971438321.668,24553626341131.97
373,2021-04-27,3152493039830581.0,0.0,147,21445530883201.23,27510418126595.47,24208039211256.105
374,2021-04-28,716310805294308.0,0.0,36,19897522369286.332,25310667635295.863,24610800080145.824
