date,ICU_Inflow,ICU_Inflow_SMA3d,ICU_Inflow_SMA7d,Hosp_Inflow,Hosp_Inflow_SMA3d,Hosp_Inflow_SMA7d,Tested,Tested_SMA3d,Tested_SMA7d,Cases,Cases_SMA3d,Cases_SMA7d,Cases_Pct,Cases_Pct_SMA3d,Cases_Pct_SMA7d,Prev,R,RNA,RNA_SMA3d,RNA_SMA7d,Vacc_Est,Vacc_Est_SMA3d,Vacc_Est_SMA7d,Vacc_Est_Carehomes,Vacc_Adm_GGD,Vacc_Adm_Hosp,Vacc_Adm_Doctors,Monday,Tuesday,Wednesday,Thursday,Friday,Saturday,Sunday
2020-10-23,43.0,50.333333333333336,44.8571428571429,248.0,239.33333333333334,225.142857142857,47524.0,48443.333333333336,46758.0,8836.0,8671.0,8018.428571428572,18.5927110512583,17.905896452161134,17.105530264047914,,,,,,0.0,0.0,0.0,0.0,0.0,0.0,0.0,0,0,0,0,1,0,0
2020-10-24,52.0,50.333333333333336,46.2857142857143,284.0,256.6666666666667,234.857142857143,41062.0,45825.666666666664,46420.0,8612.0,8792.333333333334,8324.285714285714,20.9731625347036,19.276316196513765,17.973000894217343,156955.0,1.065,37934920558662.31,40228114746183.72,38882315619695.5,0.0,0.0,0.0,0.0,0.0,0.0,0.0,0,0,0,0,0,1,0
2020-10-25,28.0,41.0,46.2857142857143,191.0,241.0,232.714285714286,37426.0,42004.0,46004.0,7512.0,8320.0,8444.714285714286,20.0716079730669,19.879160519676265,18.478603745855228,156807.5,1.03,52861546233847.31,49931193813394.65,36179853075250.93,0.0,0.0,0.0,0.0,0.0,0.0,0.0,0,0,0,0,0,0,1
2020-10-26,49.0,43.0,47.8571428571429,291.0,255.33333333333334,248.0,46917.0,41801.666666666664,45811.0,8577.0,8233.666666666666,8443.857142857143,18.2812200268559,19.7753301782088,18.54997818457013,156089.0,0.99,32292564993999.406,41029677262169.68,37557754476652.42,0.0,0.0,0.0,0.0,0.0,0.0,0.0,1,0,0,0,0,0,0
2020-10-27,53.0,43.333333333333336,47.5714285714286,311.0,264.3333333333333,256.428571428571,47626.0,43989.666666666664,45480.0,8192.0,8093.666666666667,8415.142857142857,17.2006886994499,18.5178388997909,18.606338370079957,154694.5,0.955,49686328281242.766,44946813169696.49,41141464401203.17,0.0,0.0,0.0,0.0,0.0,0.0,0.0,0,1,0,0,0,0,0
2020-10-28,57.0,53.0,48.2857142857143,313.0,305.0,268.0,47734.0,47425.666666666664,45311.0,7396.0,8055.0,8293.42857142857,15.4941970084217,16.992035244909165,18.41095175676224,153440.5,0.9299999999999999,131224978605222.8,71067957293488.33,55249966050409.06,0.0,0.0,0.0,0.0,0.0,0.0,0.0,0,0,1,0,0,0,0
2020-10-29,47.0,52.333333333333336,47.0,269.0,297.6666666666667,272.428571428571,47551.0,47637.0,45120.0,7261.0,7616.333333333333,8055.142857142857,15.2699207167042,15.988268808191933,17.98335828720864,152468.5,0.91,21662284856718.246,67524530581061.27,54951391168195.31,0.0,0.0,0.0,0.0,0.0,0.0,0.0,0,0,0,1,0,0,0
2020-10-30,37.0,47.0,46.1428571428571,250.0,277.3333333333333,272.714285714286,44526.0,46603.666666666664,44692.0,6928.0,7195.0,7782.571428571428,15.5594484121637,15.441188712429868,17.550035053052273,151391.5,0.89,37217541263548.05,63368268241829.71,51840023541891.56,0.0,0.0,0.0,0.0,0.0,0.0,0.0,0,0,0,0,1,0,0
2020-10-31,76.0,53.333333333333336,49.5714285714286,314.0,277.6666666666667,277.0,35389.0,42488.666666666664,43881.0,5878.0,6689.0,7392.0,16.6096809743141,15.813016701060667,16.9266805444252,149867.0,0.87,39694488646233.05,32858104922166.45,52091390411544.52,0.0,0.0,0.0,0.0,0.0,0.0,0.0,0,0,0,0,0,1,0
2020-11-01,58.0,57.0,53.8571428571429,237.0,267.0,283.571428571429,29157.0,36357.333333333336,42700.0,5249.0,6018.333333333333,7068.714285714285,18.0025379840176,16.723889123498466,16.63109911741816,148280.5,0.85,75611433749404.83,50841154553061.98,55341374342338.445,0.0,0.0,0.0,0.0,0.0,0.0,0.0,0,0,0,0,0,0,1
2020-11-02,47.0,60.333333333333336,53.5714285714286,239.0,263.3333333333333,276.142857142857,45195.0,36580.333333333336,42454.0,7182.0,6103.0,6869.428571428572,15.8911384002655,16.834452452865733,16.2896588850481,146560.0,0.8300000000000001,35853719034043.27,50386547143227.055,55850110633773.29,0.0,0.0,0.0,0.0,0.0,0.0,0.0,1,0,0,0,0,0,0
2020-11-03,59.0,54.666666666666664,54.4285714285714,364.0,280.0,283.714285714286,40685.0,38345.666666666664,41462.0,5938.0,6123.0,6547.428571428572,14.5950596042768,16.162911996186633,15.91742615716623,144920.0,0.8300000000000001,87577467703335.69,66347540162261.27,61263130551215.13,0.0,0.0,0.0,0.0,0.0,0.0,0.0,0,1,0,0,0,0,0
2020-11-04,50.0,52.0,53.4285714285714,236.0,279.6666666666667,272.714285714286,40037.0,41972.333333333336,40363.0,5675.0,6265.0,6301.571428571428,14.1743886904613,14.886862231667868,15.728882111743314,143444.5,0.8300000000000001,108608796892330.62,77346661209903.2,58032247449373.39,0.0,0.0,0.0,0.0,0.0,0.0,0.0,0,0,1,0,0,0,0
2020-11-05,35.0,48.0,51.7142857142857,261.0,287.0,271.571428571429,38547.0,39756.333333333336,39077.0,5163.0,5592.0,6001.857142857143,13.3940384465717,14.0544955804366,15.460898930295814,141211.0,0.845,51421376690241.53,82535880428635.95,62283546282733.86,0.0,0.0,0.0,0.0,0.0,0.0,0.0,0,0,0,1,0,0,0
2020-11-06,33.0,39.333333333333336,51.1428571428571,180.0,225.66666666666666,261.571428571429,34563.0,37715.666666666664,37653.0,4685.0,5174.333333333333,5681.428571428572,13.5549576136331,13.707794916888702,15.174543101934301,138898.5,0.86,32164849608550.266,64065007730374.15,61561733189162.76,0.0,0.0,0.0,0.0,0.0,0.0,0.0,0,0,0,0,1,0,0
2020-11-07,37.0,35.0,45.5714285714286,248.0,229.66666666666666,252.142857142857,26145.0,33085.0,36333.0,3880.0,4576.0,5396.0,14.8403136354944,13.9297698985664,14.92177633924577,137440.5,0.865,73713472434899.2,52433232911230.336,66421588016115.06,0.0,0.0,0.0,0.0,0.0,0.0,0.0,0,0,0,0,0,1,0
2020-11-08,36.0,35.333333333333336,42.4285714285714,149.0,192.33333333333334,239.571428571429,22263.0,27657.0,35348.0,3358.0,3974.3333333333335,5125.857142857143,15.0833221039393,14.492864451022266,14.504745499234588,135386.5,0.865,63785681772852.086,56554667938767.19,64732194876607.52,0.0,0.0,0.0,0.0,0.0,0.0,0.0,0,0,0,0,0,0,1
2020-11-09,40.0,37.666666666666664,41.4285714285714,177.0,191.33333333333334,230.714285714286,41080.0,29829.333333333332,34760.0,5185.0,4141.0,4840.571428571428,12.6217137293087,14.181783156247468,14.037684831955044,132805.0,0.87,27359256270300.496,54952803492683.93,63518700196072.84,0.0,0.0,0.0,0.0,0.0,0.0,0.0,1,0,0,0,0,0,0
2020-11-10,39.0,38.333333333333336,38.5714285714286,258.0,194.66666666666666,215.571428571429,38978.0,34107.0,34516.0,5042.0,4528.333333333333,4712.571428571428,12.9355020780953,13.546845970447768,13.800605185357686,129857.0,0.895,26272105195250.227,39139014412800.94,54760791266346.35,0.0,0.0,0.0,0.0,0.0,0.0,0.0,0,1,0,0,0,0,0
2020-11-11,36.0,38.333333333333336,36.5714285714286,230.0,221.66666666666666,214.714285714286,36402.0,38820.0,33997.0,5022.0,5083.0,4619.285714285715,13.795945277732,13.117720361712001,13.746541840682072,127361.5,0.925,18809090411712.645,24146817292421.125,41932261769115.2,0.0,0.0,0.0,0.0,0.0,0.0,0.0,0,0,1,0,0,0,0
2020-11-12,31.0,35.333333333333336,36.0,220.0,236.0,208.857142857143,35187.0,36855.666666666664,33517.0,4685.0,4916.333333333333,4551.0,13.3145764060591,13.348674587295468,13.735190120608845,124686.0,0.96,36217985907723.1,27099727171561.99,39760348800184.01,0.0,0.0,0.0,0.0,0.0,0.0,0.0,0,0,0,1,0,0,0
2020-11-13,32.0,33.0,35.8571428571429,170.0,206.66666666666666,207.428571428571,32127.0,34572.0,33169.0,4564.0,4757.0,4533.714285714285,14.2061194633797,13.7722137157236,13.828213242001214,121882.0,0.99,44888374150767.47,33305150156734.406,41577995163357.88,0.0,0.0,0.0,0.0,0.0,0.0,0.0,0,0,0,0,1,0,0
2020-11-14,32.0,31.666666666666668,35.1428571428571,163.0,184.33333333333334,195.285714285714,23751.0,30355.0,32827.0,3625.0,4291.333333333333,4497.285714285715,15.2625152625153,14.261070377318033,13.888527760147058,120508.0,1.005,55491471608606.72,45532610555699.09,38974852188173.25,0.0,0.0,0.0,0.0,0.0,0.0,0.0,0,0,0,0,0,1,0
2020-11-15,22.0,28.666666666666668,33.1428571428571,150.0,161.0,195.428571428571,20522.0,25466.666666666668,32578.0,3362.0,3850.3333333333335,4497.857142857143,16.3824188675568,15.2836845311506,14.074113012092413,118781.0,1.0,78994354061238.9,59791399940204.37,41147519657942.8,0.0,0.0,0.0,0.0,0.0,0.0,0.0,0,0,0,0,0,0,1
2020-11-16,29.0,27.666666666666668,31.5714285714286,173.0,162.0,194.857142857143,40017.0,28096.666666666668,32426.0,5061.0,4016.0,4480.142857142857,12.6471249718869,14.764019700653,14.077743189603586,117089.5,0.99,40968848795165.92,58484891488337.19,43091747161495.0,0.0,0.0,0.0,0.0,0.0,0.0,0.0,1,0,0,0,0,0,0
2020-11-17,38.0,29.666666666666668,31.4285714285714,256.0,193.0,194.571428571429,39287.0,33275.333333333336,32470.0,4849.0,4424.0,4452.571428571428,12.3425051543768,13.790682997940166,13.993029343358087,114947.5,0.985,30195187168283.93,50052796674896.25,43652187443356.95,0.0,0.0,0.0,0.0,0.0,0.0,0.0,0,1,0,0,0,0,0
2020-11-18,27.0,31.333333333333332,30.1428571428571,192.0,207.0,189.142857142857,42534.0,40612.666666666664,33346.0,4871.0,4927.0,4431.0,11.4520148587013,12.147214994988333,13.658182140639415,113364.0,0.985,30110535580890.68,33758190514780.176,45266679610382.39,0.0,0.0,0.0,0.0,0.0,0.0,0.0,0,0,1,0,0,0,0
2020-11-19,37.0,34.0,31.0,224.0,224.0,189.714285714286,41331.0,41050.666666666664,34224.0,4733.0,4817.666666666667,4437.857142857143,11.4514529045995,11.748657639225868,13.392021640430901,111374.0,1.0,35322441179058.89,31876054642744.5,45138744649144.64,0.0,0.0,0.0,0.0,0.0,0.0,0.0,0,0,0,1,0,0,0
2020-11-20,35.0,33.0,31.4285714285714,217.0,211.0,196.428571428571,37206.0,40357.0,34950.0,4490.0,4698.0,4427.285714285715,12.0679460302102,11.657137931170332,13.086568292835258,109999.0,1.005,89835392494324.06,51756123084757.88,51559747269652.734,0.0,0.0,0.0,0.0,0.0,0.0,0.0,0,0,0,0,1,0,0
2020-11-21,45.0,39.0,33.2857142857143,185.0,208.66666666666666,199.571428571429,28423.0,35653.333333333336,35617.0,3486.0,4236.333333333333,4407.428571428572,12.2647151954403,11.928038043416668,12.658311140395972,109761.5,0.995,78872470004430.78,68010101225937.91,54899889897627.6,0.0,0.0,0.0,0.0,0.0,0.0,0.0,0,0,0,0,0,1,0
2020-11-22,26.0,35.333333333333336,33.8571428571429,170.0,190.66666666666666,202.428571428571,25174.0,30267.666666666668,36282.0,3057.0,3677.6666666666665,4363.857142857143,12.1434813696671,12.158714198439199,12.052748640697443,109226.5,0.96,86973116708858.44,85226993069204.42,56039713133001.81,0.0,0.0,0.0,0.0,0.0,0.0,0.0,0,0,0,0,0,0,1
2020-11-23,23.0,31.333333333333332,33.0,151.0,168.66666666666666,199.285714285714,44862.0,32819.666666666664,36974.0,4828.0,3790.3333333333335,4330.571428571428,10.7618920244305,11.723362863179299,11.78342964820367,108585.0,0.925,27464587994904.07,64436724902731.09,54110533018678.69,0.0,0.0,0.0,0.0,0.0,0.0,0.0,1,0,0,0,0,0,0
2020-11-24,32.0,27.0,32.1428571428571,223.0,181.33333333333334,194.571428571429,43793.0,37943.0,37618.0,4539.0,4141.333333333333,4286.285714285715,10.3646701527641,11.090014515620567,11.50088179083043,106984.0,0.9199999999999999,25084079293049.96,46507261332270.82,53380374750788.125,0.0,0.0,0.0,0.0,0.0,0.0,0.0,0,1,0,0,0,0,0
2020-11-25,39.0,31.333333333333332,33.8571428571429,150.0,174.66666666666666,188.571428571429,41590.0,43415.0,37483.0,4470.0,4612.333333333333,4229.0,10.7477759076701,10.624779361621568,11.400276226397398,106472.0,0.935,15259499028943.877,22602722105632.64,51258798100510.016,0.0,0.0,0.0,0.0,0.0,0.0,0.0,0,0,1,0,0,0,0
2020-11-26,33.0,34.666666666666664,33.2857142857143,192.0,188.33333333333334,184.0,40797.0,42060.0,37406.0,4431.0,4480.0,4185.857142857143,10.8610927274064,10.657846262613534,11.315939058226958,105250.5,0.96,15620878746849.762,18654819022947.863,48444289181622.99,0.0,0.0,0.0,0.0,0.0,0.0,0.0,0,0,0,1,0,0,0
2020-11-27,23.0,31.666666666666668,31.5714285714286,188.0,176.66666666666666,179.857142857143,36894.0,39760.333333333336,37362.0,4080.0,4327.0,4127.285714285715,11.0587087331273,10.889192456067931,11.171762301500829,104408.0,0.99,20030035511579.86,16970137762457.834,38472095326945.24,0.0,0.0,0.0,0.0,0.0,0.0,0.0,0,0,0,0,1,0,0
2020-11-28,19.0,25.0,27.8571428571429,166.0,182.0,177.142857142857,27063.0,34918.0,37168.0,3306.0,3939.0,4101.571428571428,12.2159405830839,11.378580681205866,11.16479449973563,104303.0,1.01,15102820065734.56,16917911441388.06,29362145335702.93,0.0,0.0,0.0,0.0,0.0,0.0,0.0,0,0,0,0,0,1,0
2020-11-29,18.0,20.0,26.7142857142857,112.0,155.33333333333334,168.857142857143,23860.0,29272.333333333332,36980.0,3077.0,3487.6666666666665,4104.428571428572,12.8960603520536,12.056903222754933,11.2723057829337,104161.5,1.02,26988700449057.77,20707185342124.062,20792943012874.27,0.0,0.0,0.0,0.0,0.0,0.0,0.0,0,0,0,0,0,0,1
2020-11-30,18.0,18.333333333333332,26.0,134.0,137.33333333333334,166.428571428571,47470.0,32797.666666666664,37352.0,5008.0,3797.0,4130.142857142857,10.5498209395408,11.887273958226098,11.242009913663741,103830.0,1.025,14157746181418.596,18749755565403.645,18891965610947.77,0.0,0.0,0.0,0.0,0.0,0.0,0.0,1,0,0,0,0,0,0
2020-12-01,20.0,18.666666666666668,24.2857142857143,187.0,144.33333333333334,161.285714285714,51570.0,40966.666666666664,38463.0,5184.0,4423.0,4222.285714285715,10.0523560209424,11.166079104178934,11.197393609117784,103206.0,1.0550000000000002,33739177694711.69,24961874775062.688,20128408239756.59,0.0,0.0,0.0,0.0,0.0,0.0,0.0,0,1,0,0,0,0,0
2020-12-02,25.0,21.0,22.2857142857143,142.0,154.33333333333334,160.142857142857,52653.0,50564.333333333336,40044.0,5607.0,5266.333333333333,4384.714285714285,10.6489658708905,10.4170476104579,11.183277889577843,103182.0,1.1,9498314303822.38,19131746059984.223,19305381850453.52,0.0,0.0,0.0,0.0,0.0,0.0,0.0,0,0,1,0,0,0,0
2020-12-03,21.0,22.0,20.5714285714286,153.0,160.66666666666666,154.571428571429,52189.0,52137.333333333336,41671.0,5958.0,5583.0,4602.857142857143,11.4161988158424,10.705840235891765,11.262578759354414,102461.0,1.16,12104927747034.13,18447473248522.73,18803103136194.14,0.0,0.0,0.0,0.0,0.0,0.0,0.0,0,0,0,1,0,0,0
2020-12-04,28.0,24.666666666666668,21.2857142857143,189.0,161.33333333333334,154.714285714286,47495.0,50779.0,43186.0,5946.0,5837.0,4869.428571428572,12.5192125486893,11.528125745140734,11.471222161577558,101922.0,1.22,22124310435627.285,14575850828827.932,19102285268200.914,0.0,0.0,0.0,0.0,0.0,0.0,0.0,0,0,0,0,1,0,0
2020-12-05,31.0,26.666666666666668,23.0,189.0,177.0,158.0,32227.0,43970.333333333336,43923.0,4484.0,5462.666666666667,5037.714285714285,13.9137989884259,12.616403450985866,11.7137733623407,101917.5,1.255,14511911908585.166,16247050030415.53,19017869817179.57,0.0,0.0,0.0,0.0,0.0,0.0,0.0,0,0,0,0,0,1,0
2020-12-06,21.0,26.666666666666668,23.4285714285714,160.0,179.33333333333334,164.857142857143,37017.0,38913.0,45803.0,5215.0,5215.0,5343.142857142857,14.0881216738255,13.507044403646901,11.884067836879542,101958.5,1.25,18156523844494.125,18264248729568.86,17756130302241.91,0.0,0.0,0.0,0.0,0.0,0.0,0.0,0,0,0,0,0,0,1
2020-12-07,24.0,25.333333333333332,24.2857142857143,150.0,166.33333333333334,167.142857142857,61315.0,43519.666666666664,47781.0,7078.0,5592.333333333333,5638.857142857143,11.5436679442225,13.181862868824632,12.0260459804055,102114.0,1.225,40807715779430.66,24492050510836.65,21563268816243.637,0.0,0.0,0.0,0.0,0.0,0.0,0.0,1,0,0,0,0,0,0
2020-12-08,22.0,22.333333333333332,24.5714285714286,206.0,172.0,169.857142857143,61593.0,53308.333333333336,49213.0,7234.0,6509.0,5931.714285714285,11.7448411345445,12.458876917530835,12.267829568062941,103077.5,1.2149999999999999,26571428518763.57,28511889380896.12,20539304648251.043,0.0,0.0,0.0,0.0,0.0,0.0,0.0,0,1,0,0,0,0,0
2020-12-09,36.0,27.333333333333332,26.1428571428571,194.0,183.33333333333334,177.285714285714,70847.0,64585.0,51812.0,7928.0,7413.333333333333,6263.285714285715,11.1903115163663,11.492940198377767,12.34516466027377,104288.5,1.2149999999999999,14967144607150.96,27448762968448.395,21320566120155.125,0.0,0.0,0.0,0.0,0.0,0.0,0.0,0,0,1,0,0,0,0
2020-12-10,26.0,28.0,26.8571428571429,198.0,199.33333333333334,183.714285714286,70200.0,67546.66666666667,54385.0,8174.0,7778.666666666667,6579.857142857143,11.6438746438746,11.526342431595134,12.377689778564086,105287.0,1.23,25291563320507.19,22276712148807.246,23204371202079.85,0.0,0.0,0.0,0.0,0.0,0.0,0.0,0,0,0,1,0,0,0
2020-12-11,30.0,30.666666666666668,27.1428571428571,199.0,197.0,185.142857142857,68998.0,70015.0,57457.0,8508.0,8203.333333333334,6945.857142857143,12.3307921968753,11.721659452372066,12.3507725854478,106549.0,1.24,12033133658325.455,17430613861994.54,21762774519608.16,0.0,0.0,0.0,0.0,0.0,0.0,0.0,0,0,0,0,1,0,0
2020-12-12,37.0,31.0,28.0,247.0,214.66666666666666,193.428571428571,57923.0,65707.0,61128.0,7496.0,8059.333333333333,7376.142857142857,12.9413186471695,12.305328495973134,12.211846822411172,108111.5,1.2349999999999999,11444131041259.902,16256276006697.518,21324520109990.27,0.0,0.0,0.0,0.0,0.0,0.0,0.0,0,0,0,0,0,1,0
2020-12-13,36.0,34.333333333333336,30.1428571428571,166.0,204.0,194.285714285714,51471.0,59464.0,63192.0,7040.0,7681.333333333333,7636.857142857143,13.6776048648754,12.983238569640067,12.153201563989729,109965.5,1.205,22225076604438.625,15234113768007.994,21905741932839.48,0.0,0.0,0.0,0.0,0.0,0.0,0.0,0,0,0,0,0,0,1
2020-12-14,36.0,36.333333333333336,31.8571428571429,184.0,199.0,199.142857142857,73823.0,61072.333333333336,64979.0,9831.0,8122.333333333333,8030.142857142857,13.3169879305907,13.311970480878534,12.406532990613757,111380.5,1.16,18257485621708.01,17308897755802.182,18684280481736.246,0.0,0.0,0.0,0.0,0.0,0.0,0.0,1,0,0,0,0,0,0
2020-12-15,46.0,39.333333333333336,35.2857142857143,262.0,204.0,207.142857142857,72924.0,66072.66666666667,66598.0,9434.0,8768.333333333334,8344.42857142857,12.9367560748176,13.3104496234279,12.576806553509913,113922.5,1.1400000000000001,15052818193901.26,18511793473349.3,17038764721041.629,0.0,0.0,0.0,0.0,0.0,0.0,0.0,0,1,0,0,0,0,0
2020-12-16,28.0,36.666666666666664,34.1428571428571,142.0,196.0,199.714285714286,75359.0,74035.33333333333,67243.0,10256.0,9840.333333333334,8677.0,13.6095224193527,13.287755474920333,12.9224081110794,117163.5,1.1400000000000001,27600745593751.344,20303683136453.54,18843564861984.54,0.0,0.0,0.0,0.0,0.0,0.0,0.0,0,0,1,0,0,0,0
2020-12-17,38.0,37.333333333333336,35.8571428571429,221.0,208.33333333333334,203.0,71492.0,73258.33333333333,67427.0,9854.0,9848.0,8917.0,13.7833603759861,13.443212956718801,13.228048929952474,120379.5,1.1400000000000001,18765308853743.39,20472957547132.0,17911242795304.0,0.0,0.0,0.0,0.0,0.0,0.0,0.0,0,0,0,1,0,0,0
2020-12-18,52.0,39.333333333333336,39.0,264.0,209.0,212.285714285714,67523.0,71458.0,67216.0,9611.0,9907.0,9074.57142857143,14.2336685277609,13.875517107699899,13.499888405793271,124496.0,1.1400000000000001,24455434611505.0,23607163019666.58,19685857217186.79,0.0,0.0,0.0,0.0,0.0,0.0,0.0,0,0,0,0,1,0,0
2020-12-19,45.0,45.0,40.1428571428571,290.0,258.3333333333333,218.428571428571,60920.0,66645.0,67645.0,8595.0,9353.333333333334,9231.57142857143,14.1086671043992,14.041898669382064,13.6666524711118,129631.0,1.12,30445977362465.348,24555573609237.91,22400406691644.71,0.0,0.0,0.0,0.0,0.0,0.0,0.0,0,0,0,0,0,1,0
2020-12-20,36.0,44.333333333333336,40.1428571428571,218.0,257.3333333333333,225.857142857143,56395.0,61612.666666666664,68348.0,7833.0,8679.666666666666,9344.857142857143,13.8895292135828,14.0772882819143,13.696927378069999,134679.0,1.06,30664358613471.49,28521923529147.28,23606018407220.84,0.0,0.0,0.0,0.0,0.0,0.0,0.0,0,0,0,0,0,0,1
2020-12-21,37.0,39.333333333333336,40.2857142857143,205.0,237.66666666666666,228.857142857143,76865.0,64726.666666666664,68783.0,9783.0,8737.0,9338.0,12.7275092694985,13.575235195826833,13.612716140771113,139569.0,0.995,48662917102343.9,36591084359426.914,27949651475883.105,0.0,0.0,0.0,0.0,0.0,0.0,0.0,1,0,0,0,0,0,0
2020-12-22,33.0,35.333333333333336,38.4285714285714,359.0,260.6666666666667,242.714285714286,80660.0,71306.66666666667,69888.0,9350.0,8988.666666666666,9326.0,11.5918670964543,12.736301859845199,13.420589143862072,143515.5,0.95,41019568124248.375,40115614613354.586,31659187180218.406,0.0,0.0,0.0,0.0,0.0,0.0,0.0,0,1,0,0,0,0,0
2020-12-23,56.0,42.0,42.4285714285714,297.0,287.0,264.857142857143,80553.0,79359.33333333333,70630.0,9343.0,9492.0,9195.57142857143,11.5985748513401,11.972650405764298,13.133310919860273,148027.0,0.925,34828776349611.277,41503753858734.52,32691763002484.105,0.0,0.0,0.0,0.0,0.0,0.0,0.0,0,0,1,0,0,0,0
2020-12-24,38.0,42.333333333333336,42.4285714285714,321.0,325.6666666666667,279.142857142857,57102.0,72771.66666666667,68574.0,7429.0,8707.333333333334,8849.142857142857,13.0100521873139,12.066831378369434,13.022838321478527,151676.0,0.91,26804095008729.074,34217479827529.57,33840161024624.93,0.0,0.0,0.0,0.0,0.0,0.0,0.0,0,0,0,1,0,0,0
2020-12-25,41.0,45.0,40.8571428571429,317.0,311.6666666666667,286.714285714286,34761.0,57472.0,63894.0,5641.0,7471.0,8282.0,16.227956618049,13.612194552234333,13.307736620091115,154909.5,0.9,30840589228291.844,30824486862210.73,34752325969880.188,0.0,0.0,0.0,0.0,0.0,0.0,0.0,0,0,0,0,1,0,0
2020-12-26,42.0,40.333333333333336,40.4285714285714,213.0,283.6666666666667,275.714285714286,36432.0,42765.0,60395.0,5725.0,6265.0,7872.0,15.7142072902942,14.9840720318857,13.537099503790401,158128.5,0.885,21274804418404.76,26306496218475.23,33442158406442.96,0.0,0.0,0.0,0.0,0.0,0.0,0.0,0,0,0,0,0,1,0
2020-12-27,42.0,41.666666666666664,41.2857142857143,243.0,257.6666666666667,279.285714285714,43144.0,38112.333333333336,58502.0,6028.0,5798.0,7614.142857142857,13.9718153161506,15.304659741497934,13.548854661300085,160075.5,0.86,26425815391264.297,26180403012653.64,32836652231841.934,0.0,0.0,0.0,0.0,0.0,0.0,0.0,0,0,0,0,0,0,1
2020-12-28,54.0,46.0,43.7142857142857,273.0,243.0,289.0,61161.0,46912.333333333336,56259.0,8508.0,6753.666666666667,7432.0,13.9108255260705,14.532282710838432,13.717899840810372,161676.0,0.84,66916988483862.766,38205869431177.27,35444376714916.055,0.0,0.0,0.0,0.0,0.0,0.0,0.0,1,0,0,0,0,0,0
2020-12-29,72.0,56.0,49.2857142857143,430.0,315.3333333333333,299.142857142857,65195.0,56500.0,54050.0,8315.0,7617.0,7284.142857142857,12.7540455556408,13.545562132620633,13.88392533497987,161512.0,0.85,40386301568425.32,44576368481184.13,35353910064084.19,0.0,0.0,0.0,0.0,0.0,0.0,0.0,0,1,0,0,0,0,0
2020-12-30,64.0,63.333333333333336,50.4285714285714,289.0,330.6666666666667,298.0,62669.0,63008.333333333336,51495.0,8451.0,8424.666666666666,7156.714285714285,13.4851361917375,13.383335757816267,14.153434097893784,160718.0,0.875,59597946508329.41,55633745520205.84,38892362943901.07,0.0,0.0,0.0,0.0,0.0,0.0,0.0,0,0,1,0,0,0,0
2020-12-31,38.0,58.0,50.4285714285714,294.0,337.6666666666667,294.142857142857,40146.0,56003.333333333336,49073.0,5864.0,7543.333333333333,6933.142857142857,14.6066855975689,13.615289114982401,14.381524585073072,158459.0,0.91,10548927440658.0,36844391839137.57,36570196148462.336,0.0,0.0,0.0,0.0,0.0,0.0,0.0,0,0,0,1,0,0,0
2021-01-01,37.0,46.333333333333336,49.8571428571429,239.0,274.0,283.0,33332.0,45382.333333333336,48868.0,4913.0,6409.333333333333,6829.142857142857,14.7395895835833,14.277137124296567,14.168900723006542,155886.0,0.94,41736435787975.5,37294436578987.63,38126745656988.58,0.0,0.0,0.0,0.0,0.0,0.0,0.0,0,0,0,0,1,0,0
2021-01-02,37.0,37.333333333333336,49.1428571428571,248.0,260.3333333333333,288.0,47313.0,40263.666666666664,50423.0,6177.0,5651.333333333333,6893.714285714285,13.0556083951557,14.133961192102632,13.7891008808439,153308.0,0.935,23682416494349.21,25322593240994.24,38470690239266.36,0.0,0.0,0.0,0.0,0.0,0.0,0.0,0,0,0,0,0,1,0
2021-01-03,29.0,34.333333333333336,47.2857142857143,241.0,242.66666666666666,287.714285714286,38880.0,39841.666666666664,49814.0,5443.0,5511.0,6810.142857142857,13.9994855967078,13.931561191815598,13.793053778066357,149418.0,0.91,42637029821130.445,36018627367818.38,40786578014961.52,0.0,0.0,0.0,0.0,0.0,0.0,0.0,0,0,0,0,0,0,1
2021-01-04,41.0,35.666666666666664,45.4285714285714,226.0,238.33333333333334,281.0,54638.0,46943.666666666664,48882.0,7838.0,6486.0,6714.428571428572,14.3453274277975,13.800140473220333,13.855125478313072,145557.5,0.9,16334370185274.75,27551272166918.137,33560489686591.805,0.0,0.0,0.0,0.0,0.0,0.0,0.0,1,0,0,0,0,0,0
2021-01-05,46.0,38.666666666666664,41.7142857142857,320.0,262.3333333333333,265.285714285714,55385.0,49634.333333333336,47480.0,7131.0,6804.0,6545.285714285715,12.8753272546718,13.7400467597257,13.872451435317501,141572.5,0.9199999999999999,32663887348240.65,30545095784881.95,32457287655136.85,0.0,0.0,0.0,0.0,0.0,0.0,0.0,0,1,0,0,0,0,0
2021-01-06,39.0,42.0,38.1428571428571,262.0,269.3333333333333,261.428571428571,54503.0,54842.0,46314.0,6890.0,7286.333333333333,6322.285714285715,12.6415059721483,13.287386884872532,13.751932832519042,137402.0,0.95,15100615468323.38,21366291000612.93,26100526077993.137,44.0,14.666666666666666,6.285714285714286,0.0,44.0,0.0,0.0,0,0,1,0,0,0,0
2021-01-07,29.0,38.0,36.8571428571429,231.0,271.0,252.428571428571,49737.0,53208.333333333336,47684.0,6008.0,6676.333333333333,6342.857142857143,12.0795383718359,12.532123866218667,13.39091180027147,133142.0,0.975,15678254313772.773,21353211496270.83,26508166486462.004,15128.0,5057.333333333333,2167.4285714285716,0.0,128.0,15000.0,0.0,0,0,0,1,0,0,0
2021-01-08,37.0,35.0,36.8571428571429,249.0,247.33333333333334,253.857142857143,45167.0,49802.333333333336,49375.0,5560.0,6152.666666666667,6435.285714285715,12.3098722518653,12.343638865283168,13.043809324311756,129484.0,0.975,16255893159222.166,21340131991928.73,26915806894930.87,27022.0,14064.666666666666,6027.714285714285,0.0,1022.0,26000.0,0.0,0,0,0,0,1,0,0
2021-01-09,44.0,36.666666666666664,37.8571428571429,241.0,240.33333333333334,252.857142857143,35245.0,43383.0,47651.0,4385.0,5317.666666666667,6179.285714285715,12.4414810611434,12.276963894948201,12.956076848024285,127628.0,0.935,20576651292614.668,17311053306720.072,23892980538450.758,32018.0,24722.666666666668,10601.714285714286,0.0,2018.0,30000.0,0.0,0,0,0,0,0,1,0
2021-01-10,25.0,35.333333333333336,37.2857142857143,187.0,225.66666666666666,245.142857142857,28702.0,36371.333333333336,46197.0,3824.0,4589.666666666667,5948.0,13.3231133718905,12.6914888949664,12.859452244478957,125701.0,0.88,20426511624801.234,19086352025546.02,23427851271372.477,33934.0,30991.333333333332,15449.42857142857,0.0,2934.0,31000.0,0.0,0,0,0,0,0,0,1
2021-01-11,24.0,31.0,34.8571428571429,173.0,200.33333333333334,237.571428571429,43834.0,35927.0,44653.0,5387.0,4532.0,5597.857142857143,12.2895469270429,12.684713786692265,12.565769315799729,124022.0,0.84,29734628393527.504,23579263770314.47,21584651067429.19,42726.0,36226.0,21553.14285714286,0.0,4726.0,38000.0,0.0,1,0,0,0,0,0,0
2021-01-12,43.0,30.666666666666668,34.4285714285714,267.0,209.0,230.0,40551.0,37695.666666666664,42534.0,4913.0,4708.0,5281.0,12.1156075065966,12.576089268510001,12.457237923217557,123109.0,0.835,24169466096902.414,24776868705077.05,22703950483376.004,45087.0,40582.333333333336,27994.14285714286,0.0,6587.0,38500.0,0.0,0,1,0,0,0,0,0
2021-01-13,46.0,37.666666666666664,35.4285714285714,218.0,219.33333333333334,223.714285714286,47263.0,43882.666666666664,41500.0,5087.0,5129.0,5023.428571428572,10.763176268963,11.722776900867501,12.188905108476801,122324.0,0.855,21150343709869.49,25018146066766.47,21059158535037.27,47006.0,44939.666666666664,34703.0,0.0,8506.0,38500.0,0.0,0,0,1,0,0,0,0
2021-01-14,48.0,45.666666666666664,38.1428571428571,226.0,237.0,223.0,48272.0,45362.0,41291.0,5091.0,5030.333333333333,4892.428571428572,10.5464865760689,11.141756783876168,11.969897709081513,121276.0,0.885,51837162376312.18,32385657394361.363,26307236664749.95,49487.0,47193.333333333336,39611.42857142857,0.0,10487.0,39000.0,0.0,0,0,0,1,0,0,0
2021-01-15,24.0,39.333333333333336,36.2857142857143,217.0,220.33333333333334,218.428571428571,45917.0,47150.666666666664,41398.0,4731.0,4969.666666666667,4774.0,10.3033734782325,10.537678774421467,11.68325502713397,120271.0,0.925,25612063962316.54,32866523349499.406,27643832493763.44,58332.0,51608.333333333336,44084.28571428572,0.0,19332.0,39000.0,0.0,0,0,0,0,1,0,0
2021-01-16,35.0,35.666666666666664,35.0,212.0,218.33333333333334,214.285714285714,37079.0,43756.0,41660.0,3734.0,4518.666666666667,4681.0,10.0703902478492,10.306750100716867,11.344527768091941,120498.0,0.9450000000000001,19849681102119.715,32432969146916.145,27539979609407.008,67447.0,58422.0,49145.57142857143,0.0,28447.0,39000.0,0.0,0,0,0,0,0,1,0
2021-01-17,38.0,32.333333333333336,36.8571428571429,179.0,202.66666666666666,213.142857142857,31080.0,38025.333333333336,41999.0,3350.0,3938.3333333333335,4613.285714285715,10.7786357786358,10.384133168239167,10.981030969055556,119697.0,0.94,22190900411350.63,22550881825262.293,27792035150342.645,77807.0,67862.0,55413.142857142855,0.0,37591.0,40216.0,0.0,0,0,0,0,0,0,1
2021-01-18,28.0,33.666666666666664,37.4285714285714,152.0,181.0,210.142857142857,47758.0,38639.0,42560.0,4990.0,4024.6666666666665,4556.571428571428,10.4485112441895,10.432512423558167,10.718025871505072,118330.5,0.925,47151192648490.88,29730591387320.406,30280115758194.555,88926.0,78060.0,62013.142857142855,1037.0,47673.0,40216.0,0.0,1,0,0,0,0,0,0
2021-01-19,42.0,36.0,37.2857142857143,245.0,192.0,207.0,44101.0,40979.666666666664,43067.0,4589.0,4309.666666666667,4510.285714285715,10.4056597356069,10.544268919477402,10.473747618506541,116780.5,0.925,48560747462631.33,39300946840824.27,33764584524727.25,98832.0,88521.66666666667,69691.0,1037.0,57579.0,40216.0,0.0,0,1,0,0,0,0,0
2021-01-20,27.0,32.333333333333336,34.5714285714286,212.0,203.0,206.142857142857,44973.0,45610.666666666664,42740.0,4741.0,4773.333333333333,4460.857142857143,10.5418806839659,10.465350554587433,10.442133963506958,116042.0,0.935,35830296248138.195,43847412119753.47,35861720601622.77,116271.0,101343.0,79586.0,8476.0,67579.0,40216.0,0.0,0,0,1,0,0,0,0
2021-01-21,36.0,35.0,32.8571428571429,226.0,227.66666666666666,206.142857142857,40963.0,43345.666666666664,41696.0,4424.0,4584.666666666667,4365.571428571428,10.7999902350902,10.582510218221001,10.478348771938572,115402.0,0.95,22984182932592.523,35791742214454.016,31739866395377.12,131249.0,115450.66666666667,91266.28571428571,13436.0,77597.0,40216.0,0.0,0,0,0,1,0,0,0
2021-01-22,31.0,31.333333333333332,33.8571428571429,231.0,223.0,208.142857142857,36754.0,40896.666666666664,40387.0,4196.0,4453.666666666667,4289.142857142857,11.4164444686293,10.9194384625618,10.637358913423828,114541.0,0.965,34540646068977.223,31118375083235.98,33015378124900.062,141243.0,129587.66666666667,103110.71428571429,13436.0,87591.0,40216.0,0.0,0,0,0,0,1,0,0
2021-01-23,33.0,33.333333333333336,33.5714285714286,214.0,223.66666666666666,208.428571428571,29032.0,35583.0,39237.0,3456.0,4025.3333333333335,4249.428571428572,11.9041058142739,11.3735135059978,10.899318280055926,114421.0,0.965,35537800590776.164,31020876530781.97,35256538051850.99,152495.0,141662.33333333334,115260.42857142857,15000.0,97279.0,40216.0,0.0,0,0,0,0,0,1,0
2021-01-24,42.0,35.333333333333336,34.1428571428571,165.0,203.33333333333334,206.428571428571,24795.0,30193.666666666668,38339.0,3021.0,3557.6666666666665,4202.428571428572,12.183908045977,11.834819442960066,11.100071461104672,114296.5,0.94,51563678192747.05,40547374950833.48,39452649163479.055,164145.0,152627.66666666666,127594.42857142857,16829.0,107100.0,40216.0,0.0,0,0,0,0,0,0,1
2021-01-25,24.0,33.0,33.5714285714286,169.0,182.66666666666666,208.857142857143,36758.0,30195.0,36768.0,4201.0,3559.3333333333335,4089.714285714286,11.4288046139616,11.838939491404167,11.240113371072114,113124.5,0.905,29998287085571.367,39033255289698.2,37002234083061.984,178166.0,164935.33333333334,140343.0,21357.0,116593.0,40216.0,0.0,1,0,0,0,0,0,0
2021-01-26,52.0,39.333333333333336,35.0,219.0,184.33333333333334,205.142857142857,33393.0,31648.666666666668,35238.0,3792.0,3671.3333333333335,3975.8571428571427,11.355673344713,11.6561286682172,11.375829600944414,111479.5,0.88,62669621553448.97,48077195610589.125,39017787524607.36,198572.0,180294.33333333334,154591.57142857142,30045.0,128311.0,40216.0,0.0,0,1,0,0,0,0,0
2021-01-27,38.0,38.0,36.5714285714286,201.0,196.33333333333334,203.571428571429,34789.0,34980.0,33783.0,3724.0,3905.6666666666665,3830.5714285714284,10.7045330420535,11.163003666909367,11.399065652099784,110228.5,0.875,34891572413885.395,42519827017635.24,38883684119714.1,230457.0,202398.33333333334,170903.85714285713,43836.0,140205.0,46416.0,0.0,0,0,1,0,0,0,0
2021-01-28,29.0,39.666666666666664,35.5714285714286,186.0,202.0,197.857142857143,31574.0,33252.0,32442.0,3353.0,3623.0,3677.5714285714284,10.6194970545385,10.893234480435,11.373280912020972,108675.5,0.885,37686326458009.805,45082506808448.055,40983990337630.86,259907.0,229645.33333333334,189283.57142857142,61238.0,152253.0,46416.0,0.0,0,0,0,1,0,0,0
2021-01-29,36.0,34.333333333333336,36.2857142857143,196.0,194.33333333333334,192.857142857143,29207.0,31856.666666666668,31364.0,3522.0,3533.0,3581.285714285714,12.0587530386551,11.1275943784157,11.465039279167513,107424.5,0.9,34791728671555.125,35789875847816.77,41019859280856.266,286713.0,259025.66666666666,210065.0,77244.0,152253.0,57216.0,0.0,0,0,0,0,1,0,0
2021-01-30,29.0,31.333333333333332,35.7142857142857,196.0,192.66666666666666,190.285714285714,23265.0,28015.333333333332,30540.0,2755.0,3210.0,3481.1428571428573,11.8418224801204,11.506690857771334,11.45614166000273,106586.5,0.915,30143974660731.613,34207343263432.176,40249312719421.33,322591.0,289737.0,234364.42857142858,89089.0,176286.0,57216.0,0.0,0,0,0,0,0,1,0
2021-01-31,30.0,31.666666666666668,34.0,142.0,178.0,187.0,19289.0,23920.333333333332,29754.0,2457.0,2911.3333333333335,3400.5714285714284,12.7378298512105,12.212801789995334,11.535273346464658,105713.5,0.9199999999999999,31099857136245.414,32011853489510.72,37325909711349.67,343888.0,317730.6666666667,260042.0,95833.0,187339.0,60716.0,0.0,0,0,0,0,0,0,1
2021-02-01,24.0,27.666666666666668,34.0,144.0,160.66666666666666,183.428571428571,33458.0,25337.333333333332,29282.0,3759.0,2990.3333333333335,3337.4285714285716,11.2349811704226,11.938211167251168,11.507584283101943,104894.0,0.9099999999999999,37375153938901.56,32872995245292.863,38379747833253.984,375908.0,347462.3333333333,288290.85714285716,98633.0,203559.0,73716.0,0.0,1,0,0,0,0,0,0
2021-02-02,29.0,27.666666666666668,30.7142857142857,218.0,168.0,183.285714285714,31821.0,28189.333333333332,29058.0,3411.0,3209.0,3283.0,10.7193362873574,11.564049102996833,11.416678989194,103877.0,0.9099999999999999,33786426562383.72,34087145879176.89,34253577120244.66,416093.0,378629.6666666667,319365.28571428574,112391.0,222486.0,81216.0,0.0,0,1,0,0,0,0,0
2021-02-03,25.0,26.0,28.8571428571429,184.0,182.0,180.857142857143,34550.0,33276.333333333336,29023.0,3580.0,3583.3333333333335,3262.4285714285716,10.3617945007236,10.7720373195012,11.367716340432585,102907.0,0.9199999999999999,35160009080632.074,35440529860639.12,34291925215494.188,454998.0,415666.3333333333,351442.5714285714,124504.0,245278.0,85216.0,0.0,0,0,1,0,0,0,0
2021-02-04,29.0,27.666666666666668,28.8571428571429,186.0,196.0,180.857142857143,34120.0,33497.0,29387.0,3526.0,3505.6666666666665,3287.1428571428573,10.3341148886284,10.471748558903133,11.326947459588286,101561.5,0.94,38189425237664.39,35711953626893.4,34363796469730.555,495535.0,455542.0,385103.71428571426,139018.0,269801.0,86716.0,0.0,0,0,0,1,0,0,0
2021-02-05,22.0,25.333333333333332,26.8571428571429,166.0,178.66666666666666,176.571428571429,32418.0,33696.0,29846.0,3569.0,3558.3333333333335,3293.8571428571427,11.0093158122031,10.568408400518367,11.17702785580943,99775.0,0.9650000000000001,105452978702048.0,59600804340114.82,44458260759800.96,532717.0,494416.6666666667,420247.14285714284,149742.0,295159.0,87816.0,0.0,0,0,0,0,1,0,0
2021-02-06,22.0,24.333333333333332,25.8571428571429,166.0,172.66666666666666,172.285714285714,28705.0,31747.666666666668,30623.0,3020.0,3371.6666666666665,3331.714285714286,10.5208151889915,10.621415296607667,10.9883125285053,98822.5,0.98,29297780872356.08,57646728270689.5,44337375932890.18,568863.0,532371.6666666666,455428.85714285716,154665.0,320982.0,93216.0,0.0,0,0,0,0,0,1,0
2021-02-07,19.0,21.0,24.2857142857143,150.0,160.66666666666666,173.428571428571,94.0,20405.666666666668,27881.0,3015.0,3201.3333333333335,3411.4285714285716,11.4062749581024,10.978801986432336,10.79809040091843,97384.0,0.9650000000000001,20837068373323.656,51862609315909.25,42871263252472.79,571361.0,557647.0,487925.0,156503.0,321042.0,93816.0,0.0,0,0,0,0,0,0,1
2021-02-08,26.0,22.333333333333332,24.5714285714286,120.0,145.33333333333334,170.0,24488.0,17762.333333333332,26599.0,3010.0,3015.0,3304.4285714285716,12.2917347272133,11.4062749581024,10.949055194745672,96159.0,0.94,22392866685844.81,24175905310508.184,40730936502036.1,595934.0,578719.3333333334,519357.28571428574,161517.0,340601.0,93816.0,0.0,1,0,0,0,0,0,0
2021-02-09,26.0,23.666666666666668,24.1428571428571,120.0,130.0,156.0,30884.0,18488.666666666668,26466.0,3584.0,3203.0,3329.1428571428573,11.6047144152312,11.7675747001823,11.075537784441929,94870.0,0.9299999999999999,40954357908777.63,28061430989315.363,41754926694378.086,626146.0,597813.6666666666,549364.8571428572,165894.0,366436.0,93816.0,0.0,0,1,0,0,0,0,0
2021-02-10,20.0,24.0,23.4285714285714,199.0,146.33333333333334,158.142857142857,32393.0,29255.0,26157.0,3633.0,3409.0,3336.714285714286,11.2153860401939,11.703945060879468,11.197479432937687,94404.5,0.935,29534810369976.56,30960678321533.0,40951326878570.16,660284.0,627454.6666666666,578691.4285714285,170726.0,395742.0,93816.0,0.0,0,0,1,0,0,0,0
2021-02-11,23.0,23.0,22.5714285714286,195.0,171.33333333333334,159.428571428571,31101.0,31459.333333333332,25726.0,3272.0,3496.3333333333335,3300.4285714285716,10.5205620398058,11.113554165076968,11.224114740248742,93900.0,0.9550000000000001,23133523404478.25,31207563894410.81,38800483759543.57,694888.0,660439.3333333334,607170.4285714285,176178.0,424894.0,93816.0,0.0,0,0,0,1,0,0,0
2021-02-12,32.0,25.0,24.0,182.0,192.0,161.714285714286,27707.0,30400.333333333332,25053.0,2942.0,3282.3333333333335,3210.8571428571427,10.6182553145415,10.784734464847068,11.168248954868515,93729.5,0.99,12843604344954.53,21837312706469.78,25570573137101.65,725175.0,693449.0,634664.4285714285,176745.0,454614.0,93816.0,0.0,0,0,0,0,1,0,0
2021-02-13,32.0,29.0,25.4285714285714,182.0,186.33333333333334,164.0,22242.0,27016.666666666668,24130.0,2549.0,2921.0,3143.5714285714284,11.4603003327039,10.866372562350401,11.302461118256,94346.5,1.025,38334132273636.3,24770420007689.69,26861480480141.68,754365.0,724809.3333333334,661164.7142857143,176745.0,483804.0,93816.0,0.0,0,0,0,0,0,1,0
2021-02-14,19.0,27.666666666666668,25.4285714285714,135.0,166.33333333333334,161.857142857143,21377.0,23775.333333333332,27170.0,2379.0,2623.3333333333335,3052.714285714286,11.1287832717407,11.069112972995365,11.262819448775756,95185.5,1.03,10202878346347.12,20460204988312.65,25342310476287.883,783606.0,754382.0,691485.4285714285,176745.0,512392.0,94469.0,0.0,0,0,0,0,0,0,1
2021-02-15,22.0,24.333333333333332,24.8571428571429,143.0,153.33333333333334,165.142857142857,22702.0,22107.0,26915.0,2077.0,2335.0,2919.4285714285716,9.14897365870848,10.579352421051025,10.813853581846498,95607.5,1.025,20761497699167.07,23099502773050.16,25109257763905.35,800905.0,779625.3333333334,720767.0,177366.0,528988.0,94551.0,0.0,1,0,0,0,0,0,0
2021-02-16,32.0,24.333333333333332,25.7142857142857,209.0,162.33333333333334,177.857142857143,45615.0,29898.0,29020.0,4348.0,2934.6666666666665,3028.5714285714284,9.53195220870328,9.93656971305082,10.517744695199651,96060.5,1.03,45251486026100.1,25405287357204.77,25723133209237.133,835929.0,806813.3333333334,750736.0,180270.0,559635.0,94551.0,1473.0,0,1,0,0,0,0,0
2021-02-17,34.0,29.333333333333332,27.7142857142857,177.0,176.33333333333334,174.714285714286,45988.0,38101.666666666664,30962.0,4215.0,3546.6666666666665,3111.714285714286,9.16543446116378,9.282120109525179,10.224894469623921,96360.5,1.06,18054804939018.324,28022596221428.5,24083132433385.96,874959.0,837264.3333333334,781403.8571428572,184706.0,592755.0,94551.0,2947.0,0,0,1,0,0,0,0
2021-02-18,33.0,33.0,29.1428571428571,205.0,197.0,176.142857142857,41946.0,44516.333333333336,32511.0,4124.0,4229.0,3233.4285714285716,9.83168836122634,9.509691677031133,10.126483944112568,96024.5,1.105,27242554517420.727,30182948494179.72,24670136878092.027,915713.0,875533.6666666666,812950.2857142857,189142.0,625081.0,94551.0,6939.0,0,0,0,1,0,0,0
2021-02-19,20.0,29.0,27.4285714285714,200.0,194.0,178.714285714286,39795.0,42576.333333333336,34238.0,4071.0,4136.666666666667,3394.714285714286,10.2299283829627,9.742350401784273,10.07100866817274,95897.0,1.145,26293481939295.73,23863613798578.26,26591547962997.91,958445.0,916372.3333333334,846274.5714285715,194160.0,656348.0,94551.0,13386.0,0,0,0,0,1,0,0
2021-02-20,20.0,24.333333333333332,25.7142857142857,156.0,187.0,175.0,35565.0,39102.0,36141.0,3452.0,3882.3333333333335,3523.714285714286,9.70617179811613,9.92259618076839,9.820418877517344,96263.0,1.165,19577238068996.76,24371091508571.074,23911991648049.4,987435.0,953864.3333333334,879570.2857142857,194160.0,685338.0,94551.0,13386.0,0,0,0,0,0,1,0
2021-02-21,34.0,24.666666666666668,27.8571428571429,123.0,159.66666666666666,173.285714285714,31894.0,35751.333333333336,37644.0,3300.0,3607.6666666666665,3655.285714285714,10.346773687841,10.094291289639942,9.708703222674531,96409.0,1.145,26822052305454.44,24230924104582.312,26286159356493.312,1014290.0,986723.3333333334,912525.1428571428,194160.0,712193.0,94551.0,13386.0,0,0,0,0,0,0,1
2021-02-22,37.0,30.333333333333332,30.0,122.0,133.66666666666666,170.285714285714,48298.0,38585.666666666664,41300.0,4571.0,3774.3333333333335,4011.5714285714284,9.46416000662553,9.839035164194222,9.753729843805536,96132.0,1.1099999999999999,51881863450622.805,32760384608358.0,30731925892415.555,1062871.0,1021532.0,949948.8571428572,207483.0,741003.0,94551.0,19834.0,1,0,0,0,0,0,0
2021-02-23,31.0,34.0,29.8571428571429,199.0,148.0,168.857142857143,46864.0,42352.0,41479.0,4101.0,3990.6666666666665,3976.285714285714,8.75085353362923,9.520595742698587,9.64214431879496,95541.5,1.07,33967741000005.94,37557218918694.4,29119962317259.246,1112536.0,1063232.3333333333,989464.1428571428,223290.0,768413.0,94551.0,26282.0,0,1,0,0,0,0,0
2021-02-24,20.0,29.333333333333332,27.8571428571429,151.0,157.33333333333334,165.142857142857,52859.0,49340.333333333336,42460.0,4406.0,4359.333333333333,4003.5714285714284,8.33538281087421,8.850132117042989,9.523565511610736,95132.5,1.05,34061244556165.69,39970283002264.81,31406596548280.305,1169302.0,1114903.0,1031513.1428571428,241430.0,794070.0,97551.0,36251.0,0,0,1,0,0,0,0
2021-02-25,29.0,26.666666666666668,27.2857142857143,196.0,182.0,163.857142857143,47774.0,49165.666666666664,43293.0,4065.0,4190.666666666667,3995.1428571428573,8.50881232469544,8.531682889732961,9.334583220677748,94815.0,1.04,33809568217434.312,33946184591201.984,32344741362567.96,1236192.0,1172676.6666666667,1077295.857142857,270803.0,818242.0,97551.0,49596.0,0,0,0,1,0,0,0
2021-02-26,32.0,27.0,29.0,186.0,177.66666666666666,161.857142857143,45110.0,48581.0,44052.0,3946.0,4139.0,3977.285714285714,8.74750609620927,8.53056707725964,9.122808608284402,94365.0,1.04,34726269113172.137,34199027295590.72,33549425244550.3,1285742.0,1230412.0,1124052.5714285714,288228.0,837044.0,97551.0,62919.0,0,0,0,0,1,0,0
2021-02-27,22.0,27.666666666666668,29.2857142857143,185.0,189.0,166.0,38893.0,43925.666666666664,44527.0,3536.0,3849.0,3989.285714285714,9.09161031548093,8.782642912128546,9.035014110765088,94591.5,1.03,33115336411920.027,33883724580842.16,35483439293539.336,1319008.0,1280314.0,1171420.142857143,303170.0,855368.0,97551.0,62919.0,0,0,0,0,0,1,0
2021-02-28,21.0,25.0,27.4285714285714,160.0,177.0,171.285714285714,37413.0,40472.0,45316.0,3346.0,3609.3333333333335,3995.8571428571427,8.94341539037233,8.92751060068751,8.83453435398385,94681.5,1.0,52070340501726.84,39970648675606.336,39090337607292.54,1336670.0,1313806.6666666667,1217474.4285714286,304902.0,871214.0,97551.0,63003.0,0,0,0,0,0,0,1
2021-03-01,30.0,24.333333333333332,26.4285714285714,145.0,163.33333333333334,174.571428571429,56417.0,44241.0,46476.0,4464.0,3782.0,3980.5714285714284,7.91250864101246,8.649178115621906,8.612869873181982,94633.0,0.975,32637052390611.16,39274243101419.34,36341078884433.73,1381128.0,1345602.0,1262939.7142857143,311216.0,892838.0,97551.0,79523.0,1,0,0,0,0,0,0
2021-03-02,52.0,34.333333333333336,29.4285714285714,228.0,177.66666666666666,178.714285714286,54341.0,49390.333333333336,47544.0,4376.0,4062.0,4019.8571428571427,8.05285143814063,8.302925156508474,8.51315528811218,94152.5,0.97,25550133908739.81,36752508933692.6,35138563585681.43,1429342.0,1382380.0,1308197.7142857143,323345.0,913875.0,97551.0,94571.0,0,1,0,0,0,0,0
2021-03-03,49.0,43.666666666666664,33.5714285714286,177.0,183.33333333333334,182.428571428571,54907.0,55221.666666666664,47836.0,4359.0,4399.666666666667,4013.1428571428573,7.9388784672264,7.96807951545983,8.456511810448209,93828.5,0.99,16762162055026.58,24983116118125.848,32667266085518.69,1479652.0,1430040.6666666667,1352533.4285714286,338111.0,934371.0,97551.0,109619.0,0,0,1,0,0,0,0
2021-03-04,31.0,44.0,33.8571428571429,167.0,190.66666666666666,178.285714285714,52931.0,54059.666666666664,48573.0,3949.0,4228.0,3996.5714285714284,7.46065632616047,7.817462077175833,8.306775239228928,94198.5,1.01,11872791159472.084,18061695707746.16,29533440791524.09,1538499.0,1482497.6666666667,1395720.142857143,361767.0,954564.0,100051.0,122117.0,0,0,0,1,0,0,0
2021-03-05,39.0,39.666666666666664,34.8571428571429,185.0,176.33333333333334,178.142857142857,49327.0,52388.333333333336,49176.0,4116.0,4141.333333333333,4020.8571428571427,8.34431447280394,7.914616422063603,8.249176435885309,94775.5,1.04,15228656476783.137,14621203230427.266,26748067557754.24,1582803.0,1533651.3333333333,1438157.4285714286,375994.0,974599.0,100051.0,132159.0,0,0,0,0,1,0,0
2021-03-06,36.0,35.333333333333336,36.8571428571429,176.0,176.0,176.857142857143,46446.0,49568.0,50255.0,3761.0,3942.0,4053.0,8.09757567928347,7.9675154927492935,8.1071714878571,95985.5,1.05,42080469483607.16,23060639039954.125,28028800853709.53,1607741.0,1576347.6666666667,1479405.0,381250.0,994281.0,100051.0,132159.0,0,0,0,0,0,1,0
2021-03-07,39.0,38.0,39.4285714285714,139.0,166.66666666666666,173.857142857143,47101.0,47624.666666666664,51639.0,3822.0,3899.6666666666665,4121.0,8.11447739963058,8.185455850572664,7.988751774893993,97008.5,1.05,13287527970711.137,23532217977033.81,22488399063564.44,1631575.0,1607373.0,1521534.2857142857,382925.0,1013640.0,102851.0,132159.0,0,0,0,0,0,0,1
2021-03-08,33.0,36.0,39.8571428571429,147.0,154.0,174.142857142857,65012.0,52853.0,52866.0,4440.0,4007.6666666666665,4117.571428571428,6.82950839844952,7.680520492454523,7.834037454527858,98172.0,1.0550000000000002,13624487507599.08,22997494987305.79,19772318365991.285,1671201.0,1636839.0,1562973.2857142857,386641.0,1039508.0,102851.0,142201.0,1,0,0,0,0,0,0
2021-03-09,35.0,35.666666666666664,37.4285714285714,240.0,175.33333333333334,175.857142857143,69389.0,60500.666666666664,55016.0,4884.0,4382.0,4190.142857142857,7.0385796019542,7.327521800011433,7.689141477929796,99416.5,1.07,18667370951887.52,15193128810065.908,18789066515012.383,1718352.0,1673709.3333333333,1604260.4285714286,390607.0,1067651.0,107851.0,152243.0,0,1,0,0,0,0,0
2021-03-10,28.0,32.0,34.4285714285714,199.0,195.33333333333334,179.0,75409.0,69936.66666666667,57945.0,5707.0,5010.333333333333,4382.714285714285,7.56806216764577,7.14538338934983,7.63616772084685,100522.0,1.1099999999999999,15267527370764.7,15853128610083.764,18575547274403.543,1765523.0,1718358.6666666667,1645099.142857143,395110.0,1099096.0,107851.0,163466.0,0,0,1,0,0,0,0
2021-03-11,50.0,37.666666666666664,37.1428571428571,191.0,210.0,182.428571428571,67236.0,70678.0,59989.0,5221.0,5270.666666666667,4564.428571428572,7.76518531738949,7.457275695663154,7.679671862450996,101054.0,1.135,21849648397126.12,18594848906592.777,20000812594068.406,1813392.0,1765755.6666666667,1684369.5714285714,399954.0,1130595.0,107851.0,174992.0,0,0,0,1,0,0,0
2021-03-12,39.0,39.0,37.1428571428571,211.0,200.33333333333334,186.142857142857,64676.0,69107.0,62181.0,5571.0,5499.666666666667,4772.285714285715,8.6137052384192,7.98231757448482,7.718156257538889,101857.0,1.16,19726183799329.684,18947786522406.832,20643316497289.344,1864702.0,1814539.0,1724640.857142857,404438.0,1166041.0,107851.0,186372.0,0,0,0,0,1,0,0
2021-03-13,44.0,44.333333333333336,38.2857142857143,224.0,208.66666666666666,193.0,59878.0,63930.0,64100.0,4832.0,5208.0,4925.285714285715,8.06974180834363,8.149544121384107,7.71417999026177,102921.0,1.16,25037610886352.8,22204481027602.863,18208622411967.29,1897287.0,1858460.3333333333,1766004.5714285714,404438.0,1198626.0,107851.0,186372.0,0,0,0,0,0,1,0
2021-03-14,37.0,40.0,38.0,191.0,208.66666666666666,200.428571428571,59501.0,61351.666666666664,65872.0,4619.0,5007.333333333333,5039.142857142857,7.76289474126485,8.148780596009226,7.663953896209523,103820.0,1.1400000000000001,24440868748678.01,23068221144786.83,19801956808819.7,1924429.0,1895472.6666666667,1807840.857142857,404438.0,1225768.0,107851.0,186372.0,0,0,0,0,0,0,1
2021-03-15,46.0,42.333333333333336,39.8571428571429,177.0,197.33333333333334,204.714285714286,80680.0,66686.33333333333,68110.0,5551.0,5000.666666666667,5197.857142857143,6.88026772434308,7.570968091317186,7.671205228480032,104865.0,1.115,25424249918951.938,24967576517994.246,21487637153298.68,1947426.0,1923047.3333333333,1847301.5714285714,405817.0,1247386.0,107851.0,186372.0,1,0,0,0,0,0,0
2021-03-16,38.0,40.333333333333336,40.2857142857143,225.0,197.66666666666666,202.571428571429,80004.0,73395.0,69626.0,5915.0,5361.666666666667,5345.142857142857,7.39338033098345,7.34551426553046,7.7218910469127815,106326.5,1.09,17910358739498.332,22591825802376.09,21379492551528.8,1978768.0,1950207.6666666667,1884503.857142857,407215.0,1277330.0,107851.0,186372.0,0,1,0,0,0,0,0
2021-03-17,36.0,40.0,41.4285714285714,194.0,198.66666666666666,201.857142857143,82885.0,81189.66666666667,70694.0,6633.0,6033.0,5477.428571428572,8.00265428002654,7.425434111784358,7.783975634395749,108357.5,1.085,18087643417746.945,20474084025399.07,21782366272526.258,2009961.0,1978718.3333333333,1919423.5714285714,412729.0,1302259.0,108601.0,186372.0,0,0,1,0,0,0,0
2021-03-18,29.0,34.333333333333336,38.4285714285714,205.0,208.0,203.857142857143,75276.0,79388.33333333333,71843.0,6104.0,6217.333333333333,5603.571428571428,8.10882618630108,7.834953599103691,7.833067187097405,110000.0,1.085,24167525153121.363,20055175770122.21,22113491523382.723,2041459.0,2010062.6666666667,1952004.5714285714,416297.0,1330189.0,108601.0,186372.0,0,0,0,1,0,0,0
2021-03-19,46.0,37.0,39.4285714285714,237.0,212.0,207.571428571429,71553.0,76571.33333333333,72825.0,6176.0,6304.333333333333,5690.0,8.63136416362696,8.247614876651527,7.835589890698513,111713.5,1.0950000000000002,21698441649176.2,21317870073348.168,22395242644789.37,2074116.0,2041845.3333333333,1981920.857142857,420252.0,1358891.0,108601.0,186372.0,0,0,0,0,1,0,0
2021-03-20,54.0,43.0,40.8571428571429,268.0,236.66666666666666,213.857142857143,63713.0,70180.66666666667,73373.0,5545.0,5941.666666666667,5791.857142857143,8.70309042110715,8.481093590345063,7.926068263950445,113825.5,1.105,23175258875218.11,23013741892505.223,22129192357484.41,2103658.0,2073077.6666666667,2011402.4285714286,420252.0,1388433.0,108601.0,186372.0,0,0,0,0,0,1,0
2021-03-21,31.0,43.666666666666664,40.0,194.0,233.0,214.285714285714,63497.0,66254.33333333333,73944.0,5572.0,5764.333333333333,5928.0,8.77521772682174,8.70322410385195,8.070685833315714,115915.5,1.0950000000000002,17560730775141.828,20811477099845.38,21146315504122.1,2131420.0,2103064.6666666665,2040972.5714285714,420257.0,1416190.0,108601.0,186372.0,0,0,0,0,0,0,1
2021-03-22,50.0,45.0,40.5714285714286,167.0,209.66666666666666,212.857142857143,86234.0,71148.0,74737.0,6644.0,5920.333333333333,6084.142857142857,7.70461766820512,8.394308605378004,8.188450111010292,117890.0,1.0750000000000002,14701745624641.553,18479245091667.164,19614529176363.48,2155661.0,2130246.3333333335,2070720.4285714286,423609.0,1437079.0,108601.0,186372.0,1,0,0,0,0,0,0
2021-03-23,32.0,37.666666666666664,39.7142857142857,282.0,214.33333333333334,221.0,88139.0,79290.0,75900.0,7043.0,6419.666666666667,6245.285714285715,7.99078727918402,8.15687422473696,8.273793960753231,120315.5,1.0550000000000002,27379911073144.36,19880795824309.246,20967322366884.34,2189219.0,2158766.6666666665,2100784.8571428573,434576.0,1459670.0,108601.0,186372.0,0,1,0,0,0,0,0
2021-03-24,37.0,39.666666666666664,39.8571428571429,219.0,222.66666666666666,224.571428571429,89142.0,87838.33333333333,76793.0,7398.0,7028.333333333333,6354.571428571428,8.29911826075251,7.998174402713883,8.316145957999797,122729.5,1.0550000000000002,12962269048189.729,18347975248658.547,20235126028376.16,2244335.0,2196405.0,2134266.8571428573,444913.0,1489735.0,108601.0,201086.0,0,0,1,0,0,0,0
2021-03-25,34.0,34.333333333333336,40.5714285714286,249.0,250.0,230.857142857143,83497.0,86926.0,77968.0,7508.0,7316.333333333333,6555.142857142857,8.99193983017354,8.42728179003669,8.442305049981575,125082.5,1.065,18617277672608.496,19653152597980.86,19442233531160.04,2301427.0,2244993.6666666665,2171405.1428571427,455222.0,1521804.0,108601.0,215800.0,0,0,0,1,0,0,0
2021-03-26,44.0,38.333333333333336,40.2857142857143,240.0,236.0,231.285714285714,74969.0,82536.0,78456.0,6906.0,7270.666666666667,6659.428571428572,9.21180754711948,8.834288546015177,8.525225533337652,127878.5,1.07,17545933342559.234,16375160021119.15,18849018058786.184,2356899.0,2300887.0,2211802.714285714,466210.0,1551574.0,108601.0,230514.0,0,0,0,0,1,0,0
2021-03-27,51.0,43.0,39.8571428571429,296.0,261.6666666666667,235.285714285714,66020.0,74828.66666666667,78785.0,5913.0,6775.666666666667,6712.0,8.95637685549833,9.053374744263783,8.561409309679249,131387.0,1.065,15413162007426.293,17192124340864.672,17740147077673.07,2388746.0,2349024.0,2252529.5714285714,466210.0,1583421.0,108601.0,230514.0,0,0,0,0,0,1,0
2021-03-28,41.0,45.333333333333336,41.2857142857143,182.0,239.33333333333334,233.571428571429,62313.0,67767.33333333333,78616.0,5163.0,5994.0,6653.571428571428,8.28559048673631,8.81792496311804,8.491462561095616,134819.0,1.045,52987536317874.76,28648877222620.094,22801119298063.49,2412094.0,2385913.0,2292625.8571428573,468727.0,1604252.0,108601.0,230514.0,0,0,0,0,0,0,1
2021-03-29,36.0,42.666666666666664,39.2857142857143,188.0,222.0,236.571428571429,87149.0,71827.33333333333,78747.0,7247.0,6107.666666666667,6739.714285714285,8.31564332350343,8.519203555246024,8.578751940423945,137694.5,1.01,23587876592763.63,30662858306021.56,24070566579223.78,2473846.0,2424895.3333333335,2338080.8571428573,478263.0,1641754.0,108601.0,245228.0,1,0,0,0,0,0,0
2021-03-30,50.0,42.333333333333336,41.8571428571429,293.0,221.0,238.142857142857,82182.0,77214.66666666667,77896.0,7043.0,6484.333333333333,6739.714285714285,8.57000316370982,8.390412324649853,8.661497066784774,140547.5,0.975,23845244499947.133,33473552470195.17,23565614211624.184,2539805.0,2475248.3333333335,2388164.5714285714,487582.0,1679929.0,108601.0,263693.0,0,1,0,0,0,0,0
2021-03-31,42.0,42.666666666666664,42.5714285714286,257.0,246.0,243.571428571429,78535.0,82622.0,76381.0,6846.0,7045.333333333333,6660.857142857143,8.71713248869931,8.53425965863752,8.721213385062889,143367.0,0.96,26486522239999.125,24639881110903.297,25497650381882.668,2612717.0,2542122.6666666665,2440790.5714285714,500496.0,1718139.0,108601.0,285481.0,0,0,1,0,0,0,0
2021-04-01,61.0,51.0,46.4285714285714,276.0,275.3333333333333,247.428571428571,72398.0,77705.0,74795.0,6732.0,6873.666666666667,6550.0,9.29859940882345,8.861911687077527,8.76502189629859,145109.5,0.96,18943341023277.062,23091702587741.11,25544230860549.605,2699195.0,2617239.0,2497614.5714285714,521168.0,1759722.0,108601.0,309704.0,0,0,0,1,0,0,0
2021-04-02,48.0,50.333333333333336,47.0,276.0,269.6666666666667,252.571428571429,66187.0,72373.33333333333,73541.0,6033.0,6537.0,6425.285714285715,9.11508302234578,9.043604973289513,8.751204107045204,146866.0,0.97,33705378001347.305,26378413754874.496,27852722954662.184,2777101.0,2696337.6666666665,2557643.4285714286,536730.0,1802410.0,108601.0,329360.0,0,0,0,0,1,0,0
2021-04-03,54.0,54.333333333333336,47.4285714285714,243.0,265.0,245.0,58176.0,65587.0,72420.0,5222.0,5995.666666666667,6326.571428571428,8.9762101210121,9.129964184060443,8.75403743069003,149940.0,0.98,20927802988476.43,24525507337700.266,28640528809097.92,2817817.0,2764704.3333333335,2618939.285714286,538591.0,1841265.0,108601.0,329360.0,0,0,0,0,0,1,0
2021-04-04,53.0,51.666666666666664,49.1428571428571,177.0,232.0,244.285714285714,52203.0,58855.333333333336,70976.0,4939.0,5398.0,6294.571428571428,9.46114207995709,9.184145074438325,8.921973372578712,151510.5,0.975,26831164783491.68,27154781924438.47,24903904304186.05,2854234.0,2816384.0,2682102.1428571427,538591.0,1877682.0,108601.0,329360.0,0,0,0,0,0,0,1
2021-04-05,58.0,55.0,52.2857142857143,205.0,208.33333333333334,246.714285714286,66002.0,58793.666666666664,67955.0,5973.0,5378.0,6112.571428571428,9.04972576588588,9.162359322285024,9.026842292919062,152767.5,0.965,22278674626142.645,23345880799370.254,24716875451811.625,2909446.0,2860499.0,2744330.714285714,550025.0,1919046.0,108601.0,331774.0,1,0,0,0,0,0,0
2021-04-06,44.0,51.666666666666664,51.4285714285714,207.0,196.33333333333334,234.428571428571,84763.0,67656.0,68323.0,7121.0,6011.0,6123.714285714285,8.40107122211342,8.970646355985464,9.00270915840529,153762.0,0.965,22786703605780.96,23965514338471.76,24565655324073.6,2963955.0,2909211.6666666665,2804923.5714285714,560172.0,1963408.0,108601.0,331774.0,0,1,0,0,0,0,0
2021-04-07,57.0,53.0,53.5714285714286,285.0,232.33333333333334,238.428571428571,81402.0,77389.0,68733.0,7375.0,6823.0,6199.285714285715,9.05997395641385,8.836923648137715,9.051686510935939,155213.5,0.975,17611353342796.39,20892243858240.0,23297774053044.64,3016263.0,2963221.3333333335,2862573.0,565932.0,2009956.0,108601.0,331774.0,0,0,1,0,0,0,0
2021-04-08,57.0,52.666666666666664,53.0,269.0,253.66666666666666,237.428571428571,74131.0,80098.66666666667,68981.0,7111.0,7202.333333333333,6253.428571428572,9.59247818051827,9.017841119681847,9.093669192606628,156022.5,1.005,24478540446058.723,21625532464878.69,24088516827727.73,3078641.0,3019619.6666666665,2916779.5714285714,579173.0,2059093.0,108601.0,331774.0,0,0,0,1,0,0,0
2021-04-09,45.0,53.0,52.5714285714286,262.0,272.0,235.428571428571,65889.0,73807.33333333333,68938.0,6913.0,7133.0,6379.142857142857,10.4918878720272,9.71478000298644,9.290355599703974,156671.0,1.045,23556439341506.324,21882111043453.81,22638668447750.45,3135909.0,3076937.6666666665,2968037.8571428573,587991.0,2107543.0,108601.0,331774.0,0,0,0,0,1,0,0
2021-04-10,53.0,51.666666666666664,52.4285714285714,304.0,278.3333333333333,244.142857142857,57945.0,65988.33333333333,68905.0,6882.0,6968.666666666667,6616.285714285715,11.8767797048926,10.653715252479357,9.704722683115474,158849.5,1.0750000000000002,20470127744128.945,22835035843898.0,22573286269986.527,3182836.0,3132462.0,3020183.4285714286,587991.0,2154470.0,108601.0,331774.0,0,0,0,0,0,1,0
2021-04-11,45.0,47.666666666666664,51.2857142857143,218.0,261.3333333333333,250.0,58776.0,60870.0,69844.0,5803.0,6532.666666666667,6739.714285714285,9.87307744657683,10.747248341165543,9.763570592632577,161138.0,1.085,18982514031734.6,21003027039123.29,21452050448306.94,3541650.0,3286798.3333333335,3118385.714285714,737391.5,2208759.5,497696.5,541198.5,0,0,0,0,0,0,1
2021-04-12,45.0,47.666666666666664,49.4285714285714,226.0,249.33333333333334,253.0,77922.0,64881.0,71547.0,7498.0,6727.666666666667,6957.571428571428,9.62244295577629,10.457433369081906,9.845387334045494,162578.5,1.065,25555867244855.543,21669503006906.363,21920220822408.785,3900464.0,3541650.0,3259959.714285714,886792.0,2263049.0,886792.0,750623.0,1,0,0,0,0,0,0
2021-04-13,45.0,45.0,49.5714285714286,261.0,235.0,260.714285714286,77378.0,71358.66666666667,70492.0,7365.0,6888.666666666667,6992.428571428572,9.51820931013983,9.67124323749765,10.004978489477839,163387.5,1.03,33233697262847.83,25924026179812.656,23412648487704.05,4020836.0,3820983.3333333335,3410942.714285714,898179.0,2328980.0,898179.0,793677.0,0,1,0,0,0,0,0
2021-04-14,46.0,45.333333333333336,48.0,228.0,238.33333333333334,252.571428571429,82138.0,79146.0,70597.0,7460.0,7441.0,7004.571428571428,9.08227616937349,9.407642811763203,10.008164519900644,165035.5,1.02,32998199254303.844,30595921254002.406,25610769332205.12,4137027.0,4019442.3333333335,3571051.8571428573,905364.0,2395212.0,905364.0,836451.0,0,0,1,0,0,0,0
2021-04-15,39.0,43.333333333333336,45.4285714285714,232.0,240.33333333333334,247.285714285714,73248.0,77588.0,70471.0,7742.0,7522.333333333333,7094.714285714285,10.5695718654434,9.723352448318906,10.147749332032806,166493.5,1.025,15968944953030.129,27400280490060.6,24395112833201.03,4253146.0,4137003.0,3738838.285714286,913101.0,2460952.0,913101.0,879093.0,0,0,0,1,0,0,0
2021-04-16,51.0,45.333333333333336,46.2857142857143,242.0,234.0,244.428571428571,65711.0,73699.0,70445.0,7547.0,7583.0,7185.285714285715,11.485139474365,10.378995836393964,10.289642418081062,167927.5,1.045,25595792381905.64,24854312196413.203,24686448981829.504,4364511.0,4251561.333333333,3914352.8571428573,920157.0,2526423.0,920157.0,917931.0,0,0,0,0,1,0,0
2021-04-17,60.0,50.0,47.2857142857143,271.0,248.33333333333334,239.714285714286,58205.0,65721.33333333333,70483.0,6371.0,7220.0,7112.285714285715,10.9457950347908,11.000168791533065,10.15664460806652,169928.0,1.06,48864304350722.6,30143013895219.453,28742759925628.6,4473682.0,4363779.666666667,4098759.4285714286,927213.0,2591512.0,927213.0,954957.0,0,0,0,0,0,1,0
2021-04-18,56.0,55.666666666666664,48.8571428571429,228.0,247.0,241.142857142857,59064.0,60993.333333333336,70524.0,6071.0,6663.0,7150.571428571428,10.2786807530814,10.9032050874124,10.214587937567172,172530.5,1.06,24029015928940.0,32829704220522.742,29463688768086.51,4578683.0,4472292.0,4246907.0,934269.0,2654228.0,934269.0,990186.0,0,0,0,0,0,0,1
2021-04-19,44.0,53.333333333333336,48.7142857142857,188.0,229.0,235.714285714286,82599.0,66622.66666666667,71192.0,8297.0,6913.0,7264.714285714285,10.0449157980121,10.4231305286281,10.274941200743717,175280.0,1.045,20524869232824.125,31139396504162.24,28744974766367.74,4688307.0,4580224.0,4359456.0,941325.0,2726273.0,941325.0,1020709.0,1,0,0,0,0,0,0
2021-04-20,58.0,52.666666666666664,50.5714285714286,327.0,247.66666666666666,245.142857142857,79721.0,73794.66666666667,71527.0,8373.0,7580.333333333333,7408.714285714285,10.5028787897794,10.275491780290968,10.415608269263656,177223.5,1.03,27327050701824.71,23960311954529.613,27901168114793.008,4787163.0,4684717.666666667,4468931.285714285,947724.0,2796491.0,947724.0,1042948.0,0,1,0,0,0,0,0
2021-04-21,47.0,49.666666666666664,50.7142857142857,296.0,270.3333333333333,254.857142857143,82199.0,81506.33333333333,71535.0,8345.0,8338.333333333334,7535.142857142857,10.1521916325016,10.233328740097699,10.568453335424815,179005.0,1.025,16444852428265.166,21432257454304.668,25536404282501.77,4873624.0,4783031.333333333,4574159.428571428,950060.0,2865487.0,950060.0,1058077.0,0,0,1,0,0,0,0
2021-04-22,37.0,47.333333333333336,50.4285714285714,289.0,304.0,263.0,71577.0,77832.33333333333,71297.0,7775.0,8164.333333333333,7539.857142857143,10.862427874876,10.505832765719,10.6102899082009,180787.0,1.025,18670854458495.06,20814252529528.312,25922391354711.043,4952724.0,4871170.333333333,4674099.142857143,951397.0,2935098.0,951397.0,1066229.0,0,0,0,1,0,0,0
2021-04-23,49.0,44.333333333333336,50.1428571428571,237.0,274.0,262.285714285714,60125.0,71300.33333333333,70499.0,6860.0,7660.0,7441.714285714285,11.4095634095634,10.808060972313667,10.599493327514958,182480.5,1.025,19582432876053.867,18232713254271.363,25063339996732.22,5039385.0,4955244.333333333,4770509.714285715,956012.0,3005664.0,956012.0,1077709.0,0,0,0,0,1,0,0
2021-04-24,49.0,45.0,48.5714285714286,273.0,266.3333333333333,262.571428571429,55874.0,62525.333333333336,70166.0,6077.0,6904.0,7399.714285714285,10.8762572931954,11.049416192544934,10.5895593644299,184572.5,1.01,42140995555027.79,26798094296525.57,24102867311632.96,5128167.0,5040092.0,4864007.571428572,966316.0,3075486.0,966316.0,1086365.0,0,0,0,0,0,1,0
2021-04-25,48.0,48.666666666666664,47.4285714285714,207.0,239.0,259.571428571429,55266.0,57088.333333333336,69623.0,5702.0,6213.0,7347.0,10.3173741540911,10.867731618949968,10.595086993145571,185706.5,0.975,30156485858791.773,30626638096624.48,24978220158754.645,5207495.0,5125015.666666667,4953837.857142857,973697.0,3141439.0,973697.0,1092359.0,0,0,0,0,0,0,1
2021-04-26,35.0,44.0,46.1428571428571,212.0,230.66666666666666,263.0,68443.0,59861.0,67601.0,7452.0,6410.333333333333,7226.285714285715,10.8878921146063,10.693841187297599,10.715512181230457,186576.5,0.94,23094981940295.605,31797487784705.05,25345379116964.85,5293851.0,5209837.666666667,5040344.142857143,981065.0,3214433.0,981065.0,1098353.0,1,0,0,0,0,0,0
2021-04-27,57.0,46.666666666666664,46.0,335.0,251.33333333333334,264.142857142857,54935.0,59548.0,64060.0,6687.0,6613.666666666667,6985.428571428572,12.1725675798671,11.125944616188166,10.954039151242984,187084.5,0.91,23864640792332.28,25705369530473.22,24850749129894.504,5176010.0,5225785.333333333,5095893.714285715,908244.0,3285136.0,908244.0,982630.0,0,1,0,0,0,0,0
2021-04-28,42.0,44.666666666666664,45.2857142857143,232.0,259.6666666666667,255.0,68210.0,63862.666666666664,62061.0,7308.0,7149.0,6837.285714285715,10.7139715584225,11.258143750965301,11.034293426374543,187619.5,0.91,17078196287058.293,21345939673228.723,24941226824007.81,5265860.0,5245240.333333333,5151927.428571428,918052.0,3357134.0,918052.0,990674.0,0,0,1,0,0,0,0
2021-04-29,42.0,47.0,46.0,296.0,287.6666666666667,256.0,64866.0,62670.333333333336,61103.0,7199.0,7064.666666666667,6755.0,11.0982641137113,11.328267750666967,11.067984317636729,187037.5,0.925,16561421699553.146,19168086259647.902,24639879287016.105,5360802.0,5267557.333333333,5210224.285714285,927824.0,3429039.0,927824.0,1003939.0,0,0,0,1,0,0,0
2021-04-30,48.0,44.0,45.8571428571429,311.0,279.6666666666667,266.571428571429,58870.0,63982.0,60923.0,7514.0,7340.333333333333,6848.428571428572,12.7637166638356,11.525317445323134,11.261434782532758,186625.5,0.95,24779211294015.07,19472943093542.168,25382276203867.707,5455349.0,5360670.333333333,5269647.714285715,937631.0,3498185.0,937631.0,1019533.0,0,0,0,0,1,0,0
2021-05-01,60.0,50.0,47.4285714285714,260.0,289.0,264.714285714286,47900.0,57212.0,59784.0,6111.0,6941.333333333333,6853.285714285715,12.7578288100209,12.206603195855934,11.530230713507828,187362.0,0.97,28506190818379.82,23282274603982.68,23434446955775.145,5557642.0,5457931.0,5331001.285714285,947412.0,3573168.0,947412.0,1037062.0,0,0,0,0,0,1,0
2021-05-02,40.0,49.333333333333336,46.2857142857143,174.0,248.33333333333334,260.0,46333.0,51034.333333333336,58508.0,5831.0,6485.333333333333,6871.714285714285,12.5849826257743,12.702176033210266,11.854174780891142,186868.0,0.965,26496773843185.16,26594058651860.016,22911630953545.625,5651041.0,5554677.333333333,5394365.0,957161.0,3641673.0,957161.0,1052207.0,0,0,0,0,0,0,1
